order_date,delivery_region,box_type,box_count,daily_small_trucks_needed,daily_large_trucks_needed,revenue,driver_cost,fuel_cost,expenditure,profit,profit_%,order_week,order_month,order_year,financial_quarter
2022-03-01,greater_london,large,1,0,1,100.0,20.0,30.0,50.0,50.0,100.0,9,March,2022,Q1
2022-03-01,south_east,small,1,1,0,20.0,5.0,5.0,10.0,10.0,100.0,9,March,2022,Q1
2022-03-01,south_wales,small,1,1,0,20.0,5.0,5.0,10.0,10.0,100.0,9,March,2022,Q1
2022-03-01,south_west,large,1,0,1,100.0,20.0,30.0,50.0,50.0,100.0,9,March,2022,Q1
2022-03-01,south_west,small,1,1,0,20.0,5.0,5.0,10.0,10.0,100.0,9,March,2022,Q1
2022-03-01,west_midlands,small,1,1,0,20.0,5.0,5.0,10.0,10.0,100.0,9,March,2022,Q1
2022-03-02,greater_london,large,1,0,1,100.0,20.0,30.0,50.0,50.0,100.0,9,March,2022,Q1
2022-03-02,greater_london,small,2,1,0,40.0,5.0,5.0,10.0,30.0,300.0,9,March,2022,Q1
2022-03-02,south_east,small,1,1,0,20.0,5.0,5.0,10.0,10.0,100.0,9,March,2022,Q1
2022-03-03,east_midlands,small,1,1,0,20.0,5.0,5.0,10.0,10.0,100.0,9,March,2022,Q1
2022-03-03,greater_london,large,1,0,1,100.0,20.0,30.0,50.0,50.0,100.0,9,March,2022,Q1
2022-03-03,greater_london,small,2,1,0,40.0,5.0,5.0,10.0,30.0,300.0,9,March,2022,Q1
2022-03-04,greater_london,large,1,0,1,100.0,20.0,30.0,50.0,50.0,100.0,9,March,2022,Q1
2022-03-04,greater_london,small,2,1,0,40.0,5.0,5.0,10.0,30.0,300.0,9,March,2022,Q1
2022-03-04,south_wales,small,1,1,0,20.0,5.0,5.0,10.0,10.0,100.0,9,March,2022,Q1
2022-03-04,south_west,small,1,1,0,20.0,5.0,5.0,10.0,10.0,100.0,9,March,2022,Q1
2022-03-05,greater_london,large,2,0,2,200.0,40.0,60.0,100.0,100.0,100.0,9,March,2022,Q1
2022-03-05,greater_london,small,1,1,0,20.0,5.0,5.0,10.0,10.0,100.0,9,March,2022,Q1
2022-03-05,west_midlands,small,1,1,0,20.0,5.0,5.0,10.0,10.0,100.0,9,March,2022,Q1
2022-03-06,greater_london,large,1,0,1,100.0,20.0,30.0,50.0,50.0,100.0,9,March,2022,Q1
2022-03-06,south_east,small,2,2,0,40.0,10.0,10.0,20.0,20.0,100.0,9,March,2022,Q1
2022-03-07,greater_london,small,1,1,0,20.0,5.0,5.0,10.0,10.0,100.0,10,March,2022,Q1
2022-03-07,south_east,large,1,0,1,100.0,20.0,30.0,50.0,50.0,100.0,10,March,2022,Q1
2022-03-07,south_east,small,1,1,0,20.0,5.0,5.0,10.0,10.0,100.0,10,March,2022,Q1
2022-03-08,south_east,small,2,2,0,40.0,10.0,10.0,20.0,20.0,100.0,10,March,2022,Q1
2022-03-08,south_west,large,1,0,1,100.0,20.0,30.0,50.0,50.0,100.0,10,March,2022,Q1
2022-03-09,greater_london,small,2,1,0,40.0,5.0,5.0,10.0,30.0,300.0,10,March,2022,Q1
2022-03-09,south_east,small,1,1,0,20.0,5.0,5.0,10.0,10.0,100.0,10,March,2022,Q1
2022-03-09,west_midlands,small,1,1,0,20.0,5.0,5.0,10.0,10.0,100.0,10,March,2022,Q1
2022-03-10,greater_london,small,4,0,1,80.0,20.0,30.0,50.0,30.0,60.0,10,March,2022,Q1
2022-03-10,south_east,small,1,1,0,20.0,5.0,5.0,10.0,10.0,100.0,10,March,2022,Q1
2022-03-11,south_east,large,1,0,1,100.0,20.0,30.0,50.0,50.0,100.0,10,March,2022,Q1
2022-03-11,south_east,small,1,1,0,20.0,5.0,5.0,10.0,10.0,100.0,10,March,2022,Q1
2022-03-12,greater_london,small,2,1,0,40.0,5.0,5.0,10.0,30.0,300.0,10,March,2022,Q1
2022-03-12,south_east,large,1,0,1,100.0,20.0,30.0,50.0,50.0,100.0,10,March,2022,Q1
2022-03-12,south_west,small,1,1,0,20.0,5.0,5.0,10.0,10.0,100.0,10,March,2022,Q1
2022-03-13,south_east,small,1,1,0,20.0,5.0,5.0,10.0,10.0,100.0,10,March,2022,Q1
2022-03-13,south_wales,small,1,1,0,20.0,5.0,5.0,10.0,10.0,100.0,10,March,2022,Q1
2022-03-13,south_west,small,1,1,0,20.0,5.0,5.0,10.0,10.0,100.0,10,March,2022,Q1
2022-03-13,west_midlands,small,1,1,0,20.0,5.0,5.0,10.0,10.0,100.0,10,March,2022,Q1
2022-03-14,east_midlands,large,2,0,2,200.0,40.0,60.0,100.0,100.0,100.0,11,March,2022,Q1
2022-03-14,greater_london,small,1,1,0,20.0,5.0,5.0,10.0,10.0,100.0,11,March,2022,Q1
2022-03-14,south_east,small,1,1,0,20.0,5.0,5.0,10.0,10.0,100.0,11,March,2022,Q1
2022-03-15,greater_london,large,1,0,1,100.0,20.0,30.0,50.0,50.0,100.0,11,March,2022,Q1
2022-03-15,greater_london,small,1,1,0,20.0,5.0,5.0,10.0,10.0,100.0,11,March,2022,Q1
2022-03-15,south_east,large,1,0,1,100.0,20.0,30.0,50.0,50.0,100.0,11,March,2022,Q1
2022-03-16,greater_london,small,1,1,0,20.0,5.0,5.0,10.0,10.0,100.0,11,March,2022,Q1
2022-03-16,south_east,small,1,1,0,20.0,5.0,5.0,10.0,10.0,100.0,11,March,2022,Q1
2022-03-16,south_wales,small,1,1,0,20.0,5.0,5.0,10.0,10.0,100.0,11,March,2022,Q1
2022-03-16,south_west,small,1,1,0,20.0,5.0,5.0,10.0,10.0,100.0,11,March,2022,Q1
2022-03-17,greater_london,small,1,1,0,20.0,5.0,5.0,10.0,10.0,100.0,11,March,2022,Q1
2022-03-17,south_east,small,1,1,0,20.0,5.0,5.0,10.0,10.0,100.0,11,March,2022,Q1
2022-03-17,south_west,large,1,0,1,100.0,20.0,30.0,50.0,50.0,100.0,11,March,2022,Q1
2022-03-17,south_west,small,1,1,0,20.0,5.0,5.0,10.0,10.0,100.0,11,March,2022,Q1
2022-03-18,greater_london,small,2,1,0,40.0,5.0,5.0,10.0,30.0,300.0,11,March,2022,Q1
2022-03-18,north_east,small,1,1,0,20.0,5.0,5.0,10.0,10.0,100.0,11,March,2022,Q1
2022-03-18,south_east,large,1,0,1,100.0,20.0,30.0,50.0,50.0,100.0,11,March,2022,Q1
2022-03-18,south_west,small,1,1,0,20.0,5.0,5.0,10.0,10.0,100.0,11,March,2022,Q1
2022-03-19,greater_london,small,2,1,0,40.0,5.0,5.0,10.0,30.0,300.0,11,March,2022,Q1
2022-03-19,south_wales,small,1,1,0,20.0,5.0,5.0,10.0,10.0,100.0,11,March,2022,Q1
2022-03-20,greater_london,small,1,1,0,20.0,5.0,5.0,10.0,10.0,100.0,11,March,2022,Q1
2022-03-20,south_east,large,1,0,1,100.0,20.0,30.0,50.0,50.0,100.0,11,March,2022,Q1
2022-03-20,south_east,small,1,1,0,20.0,5.0,5.0,10.0,10.0,100.0,11,March,2022,Q1
2022-03-21,south_west,large,1,0,1,100.0,20.0,30.0,50.0,50.0,100.0,12,March,2022,Q1
2022-03-21,south_west,small,2,2,0,40.0,10.0,10.0,20.0,20.0,100.0,12,March,2022,Q1
2022-03-21,west_midlands,large,1,0,1,100.0,20.0,30.0,50.0,50.0,100.0,12,March,2022,Q1
2022-03-22,north_wales,small,1,1,0,20.0,5.0,5.0,10.0,10.0,100.0,12,March,2022,Q1
2022-03-22,south_east,small,1,1,0,20.0,5.0,5.0,10.0,10.0,100.0,12,March,2022,Q1
2022-03-23,east_midlands,small,1,1,0,20.0,5.0,5.0,10.0,10.0,100.0,12,March,2022,Q1
2022-03-23,greater_london,small,2,1,0,40.0,5.0,5.0,10.0,30.0,300.0,12,March,2022,Q1
2022-03-23,north_east,large,1,0,1,100.0,20.0,30.0,50.0,50.0,100.0,12,March,2022,Q1
2022-03-23,north_wales,small,1,1,0,20.0,5.0,5.0,10.0,10.0,100.0,12,March,2022,Q1
2022-03-23,south_east,small,1,1,0,20.0,5.0,5.0,10.0,10.0,100.0,12,March,2022,Q1
2022-03-23,south_wales,large,1,0,1,100.0,20.0,30.0,50.0,50.0,100.0,12,March,2022,Q1
2022-03-23,south_wales,small,1,1,0,20.0,5.0,5.0,10.0,10.0,100.0,12,March,2022,Q1
2022-03-23,south_west,small,2,2,0,40.0,10.0,10.0,20.0,20.0,100.0,12,March,2022,Q1
2022-03-24,east_midlands,small,1,1,0,20.0,5.0,5.0,10.0,10.0,100.0,12,March,2022,Q1
2022-03-24,south_east,small,1,1,0,20.0,5.0,5.0,10.0,10.0,100.0,12,March,2022,Q1
2022-03-24,south_west,large,1,0,1,100.0,20.0,30.0,50.0,50.0,100.0,12,March,2022,Q1
2022-03-24,south_west,small,1,1,0,20.0,5.0,5.0,10.0,10.0,100.0,12,March,2022,Q1
2022-03-25,greater_london,small,3,1,0,60.0,5.0,5.0,10.0,50.0,500.0,12,March,2022,Q1
2022-03-25,north_wales,small,1,1,0,20.0,5.0,5.0,10.0,10.0,100.0,12,March,2022,Q1
2022-03-25,south_east,large,1,0,1,100.0,20.0,30.0,50.0,50.0,100.0,12,March,2022,Q1
2022-03-25,south_east,small,1,1,0,20.0,5.0,5.0,10.0,10.0,100.0,12,March,2022,Q1
2022-03-26,east_midlands,small,1,1,0,20.0,5.0,5.0,10.0,10.0,100.0,12,March,2022,Q1
2022-03-26,greater_london,small,1,1,0,20.0,5.0,5.0,10.0,10.0,100.0,12,March,2022,Q1
2022-03-26,south_east,small,2,2,0,40.0,10.0,10.0,20.0,20.0,100.0,12,March,2022,Q1
2022-03-26,south_west,small,1,1,0,20.0,5.0,5.0,10.0,10.0,100.0,12,March,2022,Q1
2022-03-27,greater_london,large,1,0,1,100.0,20.0,30.0,50.0,50.0,100.0,12,March,2022,Q1
2022-03-27,south_east,large,1,0,1,100.0,20.0,30.0,50.0,50.0,100.0,12,March,2022,Q1
2022-03-27,south_west,large,1,0,1,100.0,20.0,30.0,50.0,50.0,100.0,12,March,2022,Q1
2022-03-28,north_east,small,1,1,0,20.0,5.0,5.0,10.0,10.0,100.0,13,March,2022,Q1
2022-03-28,south_east,small,1,1,0,20.0,5.0,5.0,10.0,10.0,100.0,13,March,2022,Q1
2022-03-28,south_west,small,3,0,1,60.0,20.0,30.0,50.0,10.0,20.0,13,March,2022,Q1
2022-03-29,south_east,small,1,1,0,20.0,5.0,5.0,10.0,10.0,100.0,13,March,2022,Q1
2022-03-29,south_wales,small,1,1,0,20.0,5.0,5.0,10.0,10.0,100.0,13,March,2022,Q1
2022-03-29,south_west,large,1,0,1,100.0,20.0,30.0,50.0,50.0,100.0,13,March,2022,Q1
2022-03-29,south_west,small,1,1,0,20.0,5.0,5.0,10.0,10.0,100.0,13,March,2022,Q1
2022-03-30,east_midlands,large,1,0,1,100.0,20.0,30.0,50.0,50.0,100.0,13,March,2022,Q1
2022-03-30,greater_london,small,1,1,0,20.0,5.0,5.0,10.0,10.0,100.0,13,March,2022,Q1
2022-03-30,north_wales,small,1,1,0,20.0,5.0,5.0,10.0,10.0,100.0,13,March,2022,Q1
2022-03-30,south_east,small,1,1,0,20.0,5.0,5.0,10.0,10.0,100.0,13,March,2022,Q1
2022-03-31,greater_london,small,2,1,0,40.0,5.0,5.0,10.0,30.0,300.0,13,March,2022,Q1
2022-03-31,south_east,small,1,1,0,20.0,5.0,5.0,10.0,10.0,100.0,13,March,2022,Q1
2022-04-01,greater_london,small,2,1,0,40.0,5.0,5.0,10.0,30.0,300.0,13,April,2022,Q2
2022-04-01,south_wales,large,1,0,1,100.0,20.0,30.0,50.0,50.0,100.0,13,April,2022,Q2
2022-04-02,greater_london,large,1,0,1,100.0,20.0,30.0,50.0,50.0,100.0,13,April,2022,Q2
2022-04-02,south_wales,small,1,1,0,20.0,5.0,5.0,10.0,10.0,100.0,13,April,2022,Q2
2022-04-02,south_west,large,1,0,1,100.0,20.0,30.0,50.0,50.0,100.0,13,April,2022,Q2
2022-04-03,north_wales,small,1,1,0,20.0,5.0,5.0,10.0,10.0,100.0,13,April,2022,Q2
2022-04-03,south_east,small,1,1,0,20.0,5.0,5.0,10.0,10.0,100.0,13,April,2022,Q2
2022-04-03,south_wales,large,1,0,1,100.0,20.0,30.0,50.0,50.0,100.0,13,April,2022,Q2
2022-04-04,greater_london,small,1,1,0,20.0,5.0,5.0,10.0,10.0,100.0,14,April,2022,Q2
2022-04-04,north_east,small,1,1,0,20.0,5.0,5.0,10.0,10.0,100.0,14,April,2022,Q2
2022-04-04,south_east,large,1,0,1,100.0,20.0,30.0,50.0,50.0,100.0,14,April,2022,Q2
2022-04-05,east_midlands,small,1,1,0,20.0,5.0,5.0,10.0,10.0,100.0,14,April,2022,Q2
2022-04-05,greater_london,small,1,1,0,20.0,5.0,5.0,10.0,10.0,100.0,14,April,2022,Q2
2022-04-05,south_wales,small,1,1,0,20.0,5.0,5.0,10.0,10.0,100.0,14,April,2022,Q2
2022-04-05,west_midlands,large,1,0,1,100.0,20.0,30.0,50.0,50.0,100.0,14,April,2022,Q2
2022-04-06,east_midlands,large,1,0,1,100.0,20.0,30.0,50.0,50.0,100.0,14,April,2022,Q2
2022-04-06,south_wales,large,1,0,1,100.0,20.0,30.0,50.0,50.0,100.0,14,April,2022,Q2
2022-04-07,greater_london,small,2,1,0,40.0,5.0,5.0,10.0,30.0,300.0,14,April,2022,Q2
2022-04-07,south_east,small,1,1,0,20.0,5.0,5.0,10.0,10.0,100.0,14,April,2022,Q2
2022-04-07,west_midlands,small,1,1,0,20.0,5.0,5.0,10.0,10.0,100.0,14,April,2022,Q2
2022-04-08,east_midlands,small,1,1,0,20.0,5.0,5.0,10.0,10.0,100.0,14,April,2022,Q2
2022-04-08,greater_london,large,1,0,1,100.0,20.0,30.0,50.0,50.0,100.0,14,April,2022,Q2
2022-04-08,north_east,large,1,0,1,100.0,20.0,30.0,50.0,50.0,100.0,14,April,2022,Q2
2022-04-09,east_midlands,large,1,0,1,100.0,20.0,30.0,50.0,50.0,100.0,14,April,2022,Q2
2022-04-09,greater_london,small,1,1,0,20.0,5.0,5.0,10.0,10.0,100.0,14,April,2022,Q2
2022-04-09,south_wales,small,1,1,0,20.0,5.0,5.0,10.0,10.0,100.0,14,April,2022,Q2
2022-04-10,greater_london,small,1,1,0,20.0,5.0,5.0,10.0,10.0,100.0,14,April,2022,Q2
2022-04-10,south_east,large,1,0,1,100.0,20.0,30.0,50.0,50.0,100.0,14,April,2022,Q2
2022-04-10,south_east,small,2,2,0,40.0,10.0,10.0,20.0,20.0,100.0,14,April,2022,Q2
2022-04-10,south_west,small,1,1,0,20.0,5.0,5.0,10.0,10.0,100.0,14,April,2022,Q2
2022-04-11,greater_london,large,1,0,1,100.0,20.0,30.0,50.0,50.0,100.0,15,April,2022,Q2
2022-04-11,greater_london,small,1,1,0,20.0,5.0,5.0,10.0,10.0,100.0,15,April,2022,Q2
2022-04-11,south_west,small,1,1,0,20.0,5.0,5.0,10.0,10.0,100.0,15,April,2022,Q2
2022-04-11,west_midlands,small,1,1,0,20.0,5.0,5.0,10.0,10.0,100.0,15,April,2022,Q2
2022-04-12,greater_london,small,2,1,0,40.0,5.0,5.0,10.0,30.0,300.0,15,April,2022,Q2
2022-04-12,south_east,large,1,0,1,100.0,20.0,30.0,50.0,50.0,100.0,15,April,2022,Q2
2022-04-13,greater_london,small,1,1,0,20.0,5.0,5.0,10.0,10.0,100.0,15,April,2022,Q2
2022-04-13,south_east,small,2,2,0,40.0,10.0,10.0,20.0,20.0,100.0,15,April,2022,Q2
2022-04-13,south_west,small,1,1,0,20.0,5.0,5.0,10.0,10.0,100.0,15,April,2022,Q2
2022-04-14,south_east,small,2,2,0,40.0,10.0,10.0,20.0,20.0,100.0,15,April,2022,Q2
2022-04-14,south_west,small,1,1,0,20.0,5.0,5.0,10.0,10.0,100.0,15,April,2022,Q2
2022-04-15,east_midlands,small,1,1,0,20.0,5.0,5.0,10.0,10.0,100.0,15,April,2022,Q2
2022-04-15,greater_london,small,1,1,0,20.0,5.0,5.0,10.0,10.0,100.0,15,April,2022,Q2
2022-04-15,south_east,small,1,1,0,20.0,5.0,5.0,10.0,10.0,100.0,15,April,2022,Q2
2022-04-16,south_east,small,1,1,0,20.0,5.0,5.0,10.0,10.0,100.0,15,April,2022,Q2
2022-04-16,south_west,small,1,1,0,20.0,5.0,5.0,10.0,10.0,100.0,15,April,2022,Q2
2022-04-16,west_midlands,small,1,1,0,20.0,5.0,5.0,10.0,10.0,100.0,15,April,2022,Q2
2022-04-17,greater_london,small,1,1,0,20.0,5.0,5.0,10.0,10.0,100.0,15,April,2022,Q2
2022-04-17,south_east,small,2,2,0,40.0,10.0,10.0,20.0,20.0,100.0,15,April,2022,Q2
2022-04-18,greater_london,large,1,0,1,100.0,20.0,30.0,50.0,50.0,100.0,16,April,2022,Q2
2022-04-18,north_east,small,1,1,0,20.0,5.0,5.0,10.0,10.0,100.0,16,April,2022,Q2
2022-04-18,south_west,large,1,0,1,100.0,20.0,30.0,50.0,50.0,100.0,16,April,2022,Q2
2022-04-18,south_west,small,2,2,0,40.0,10.0,10.0,20.0,20.0,100.0,16,April,2022,Q2
2022-04-19,greater_london,small,1,1,0,20.0,5.0,5.0,10.0,10.0,100.0,16,April,2022,Q2
2022-04-19,south_east,large,1,0,1,100.0,20.0,30.0,50.0,50.0,100.0,16,April,2022,Q2
2022-04-19,south_west,small,2,2,0,40.0,10.0,10.0,20.0,20.0,100.0,16,April,2022,Q2
2022-04-20,east_midlands,small,1,1,0,20.0,5.0,5.0,10.0,10.0,100.0,16,April,2022,Q2
2022-04-20,greater_london,large,1,0,1,100.0,20.0,30.0,50.0,50.0,100.0,16,April,2022,Q2
2022-04-20,greater_london,small,1,1,0,20.0,5.0,5.0,10.0,10.0,100.0,16,April,2022,Q2
2022-04-20,south_west,large,1,0,1,100.0,20.0,30.0,50.0,50.0,100.0,16,April,2022,Q2
2022-04-20,south_west,small,1,1,0,20.0,5.0,5.0,10.0,10.0,100.0,16,April,2022,Q2
2022-04-21,greater_london,small,2,1,0,40.0,5.0,5.0,10.0,30.0,300.0,16,April,2022,Q2
2022-04-21,south_west,large,1,0,1,100.0,20.0,30.0,50.0,50.0,100.0,16,April,2022,Q2
2022-04-22,greater_london,small,2,1,0,40.0,5.0,5.0,10.0,30.0,300.0,16,April,2022,Q2
2022-04-22,south_wales,small,1,1,0,20.0,5.0,5.0,10.0,10.0,100.0,16,April,2022,Q2
2022-04-23,greater_london,small,1,1,0,20.0,5.0,5.0,10.0,10.0,100.0,16,April,2022,Q2
2022-04-23,south_wales,large,1,0,1,100.0,20.0,30.0,50.0,50.0,100.0,16,April,2022,Q2
2022-04-23,south_west,large,1,0,1,100.0,20.0,30.0,50.0,50.0,100.0,16,April,2022,Q2
2022-04-23,south_west,small,1,1,0,20.0,5.0,5.0,10.0,10.0,100.0,16,April,2022,Q2
2022-04-24,south_east,small,3,0,1,60.0,20.0,30.0,50.0,10.0,20.0,16,April,2022,Q2
2022-04-24,south_west,large,1,0,1,100.0,20.0,30.0,50.0,50.0,100.0,16,April,2022,Q2
2022-04-25,east_midlands,large,1,0,1,100.0,20.0,30.0,50.0,50.0,100.0,17,April,2022,Q2
2022-04-25,greater_london,small,1,1,0,20.0,5.0,5.0,10.0,10.0,100.0,17,April,2022,Q2
2022-04-25,north_wales,small,1,1,0,20.0,5.0,5.0,10.0,10.0,100.0,17,April,2022,Q2
2022-04-26,north_wales,small,1,1,0,20.0,5.0,5.0,10.0,10.0,100.0,17,April,2022,Q2
2022-04-26,south_east,small,1,1,0,20.0,5.0,5.0,10.0,10.0,100.0,17,April,2022,Q2
2022-04-26,south_west,large,1,0,1,100.0,20.0,30.0,50.0,50.0,100.0,17,April,2022,Q2
2022-04-27,greater_london,small,1,1,0,20.0,5.0,5.0,10.0,10.0,100.0,17,April,2022,Q2
2022-04-27,north_east,small,1,1,0,20.0,5.0,5.0,10.0,10.0,100.0,17,April,2022,Q2
2022-04-27,west_midlands,small,1,1,0,20.0,5.0,5.0,10.0,10.0,100.0,17,April,2022,Q2
2022-04-28,east_midlands,small,1,1,0,20.0,5.0,5.0,10.0,10.0,100.0,17,April,2022,Q2
2022-04-28,greater_london,small,1,1,0,20.0,5.0,5.0,10.0,10.0,100.0,17,April,2022,Q2
2022-04-28,south_east,large,1,0,1,100.0,20.0,30.0,50.0,50.0,100.0,17,April,2022,Q2
2022-04-28,south_east,small,1,1,0,20.0,5.0,5.0,10.0,10.0,100.0,17,April,2022,Q2
2022-04-29,east_midlands,small,1,1,0,20.0,5.0,5.0,10.0,10.0,100.0,17,April,2022,Q2
2022-04-29,greater_london,small,2,1,0,40.0,5.0,5.0,10.0,30.0,300.0,17,April,2022,Q2
2022-04-29,south_east,small,1,1,0,20.0,5.0,5.0,10.0,10.0,100.0,17,April,2022,Q2
2022-04-30,greater_london,large,1,0,1,100.0,20.0,30.0,50.0,50.0,100.0,17,April,2022,Q2
2022-04-30,north_east,small,2,2,0,40.0,10.0,10.0,20.0,20.0,100.0,17,April,2022,Q2
2022-04-30,south_east,small,1,1,0,20.0,5.0,5.0,10.0,10.0,100.0,17,April,2022,Q2
2022-04-30,south_wales,small,1,1,0,20.0,5.0,5.0,10.0,10.0,100.0,17,April,2022,Q2
2022-04-30,south_west,small,1,1,0,20.0,5.0,5.0,10.0,10.0,100.0,17,April,2022,Q2
2022-05-01,east_midlands,small,1,1,0,20.0,5.0,5.0,10.0,10.0,100.0,17,May,2022,Q2
2022-05-01,west_midlands,small,1,1,0,20.0,5.0,5.0,10.0,10.0,100.0,17,May,2022,Q2
2022-05-02,north_east,large,1,0,1,100.0,20.0,30.0,50.0,50.0,100.0,18,May,2022,Q2
2022-05-02,south_east,large,1,0,1,100.0,20.0,30.0,50.0,50.0,100.0,18,May,2022,Q2
2022-05-02,south_east,small,1,1,0,20.0,5.0,5.0,10.0,10.0,100.0,18,May,2022,Q2
2022-05-02,south_wales,small,1,1,0,20.0,5.0,5.0,10.0,10.0,100.0,18,May,2022,Q2
2022-05-03,greater_london,large,1,0,1,100.0,20.0,30.0,50.0,50.0,100.0,18,May,2022,Q2
2022-05-03,north_east,small,1,1,0,20.0,5.0,5.0,10.0,10.0,100.0,18,May,2022,Q2
2022-05-03,south_east,small,2,2,0,40.0,10.0,10.0,20.0,20.0,100.0,18,May,2022,Q2
2022-05-03,south_west,small,1,1,0,20.0,5.0,5.0,10.0,10.0,100.0,18,May,2022,Q2
2022-05-04,greater_london,large,1,0,1,100.0,20.0,30.0,50.0,50.0,100.0,18,May,2022,Q2
2022-05-04,greater_london,small,1,1,0,20.0,5.0,5.0,10.0,10.0,100.0,18,May,2022,Q2
2022-05-04,south_east,large,1,0,1,100.0,20.0,30.0,50.0,50.0,100.0,18,May,2022,Q2
2022-05-04,south_west,small,1,1,0,20.0,5.0,5.0,10.0,10.0,100.0,18,May,2022,Q2
2022-05-05,greater_london,large,1,0,1,100.0,20.0,30.0,50.0,50.0,100.0,18,May,2022,Q2
2022-05-05,south_west,small,1,1,0,20.0,5.0,5.0,10.0,10.0,100.0,18,May,2022,Q2
2022-05-06,east_midlands,small,1,1,0,20.0,5.0,5.0,10.0,10.0,100.0,18,May,2022,Q2
2022-05-06,greater_london,small,1,1,0,20.0,5.0,5.0,10.0,10.0,100.0,18,May,2022,Q2
2022-05-06,south_east,small,1,1,0,20.0,5.0,5.0,10.0,10.0,100.0,18,May,2022,Q2
2022-05-06,south_west,small,1,1,0,20.0,5.0,5.0,10.0,10.0,100.0,18,May,2022,Q2
2022-05-07,greater_london,large,1,0,1,100.0,20.0,30.0,50.0,50.0,100.0,18,May,2022,Q2
2022-05-07,south_east,small,1,1,0,20.0,5.0,5.0,10.0,10.0,100.0,18,May,2022,Q2
2022-05-07,south_wales,large,1,0,1,100.0,20.0,30.0,50.0,50.0,100.0,18,May,2022,Q2
2022-05-07,south_west,large,1,0,1,100.0,20.0,30.0,50.0,50.0,100.0,18,May,2022,Q2
2022-05-07,south_west,small,2,2,0,40.0,10.0,10.0,20.0,20.0,100.0,18,May,2022,Q2
2022-05-08,east_midlands,small,1,1,0,20.0,5.0,5.0,10.0,10.0,100.0,18,May,2022,Q2
2022-05-08,south_east,large,1,0,1,100.0,20.0,30.0,50.0,50.0,100.0,18,May,2022,Q2
2022-05-08,south_east,small,2,2,0,40.0,10.0,10.0,20.0,20.0,100.0,18,May,2022,Q2
2022-05-09,south_east,large,1,0,1,100.0,20.0,30.0,50.0,50.0,100.0,19,May,2022,Q2
2022-05-09,south_wales,small,1,1,0,20.0,5.0,5.0,10.0,10.0,100.0,19,May,2022,Q2
2022-05-09,south_west,small,1,1,0,20.0,5.0,5.0,10.0,10.0,100.0,19,May,2022,Q2
2022-05-10,south_west,small,3,0,1,60.0,20.0,30.0,50.0,10.0,20.0,19,May,2022,Q2
2022-05-11,greater_london,large,1,0,1,100.0,20.0,30.0,50.0,50.0,100.0,19,May,2022,Q2
2022-05-11,south_west,small,1,1,0,20.0,5.0,5.0,10.0,10.0,100.0,19,May,2022,Q2
2022-05-12,east_midlands,small,1,1,0,20.0,5.0,5.0,10.0,10.0,100.0,19,May,2022,Q2
2022-05-12,greater_london,small,1,1,0,20.0,5.0,5.0,10.0,10.0,100.0,19,May,2022,Q2
2022-05-12,north_east,small,1,1,0,20.0,5.0,5.0,10.0,10.0,100.0,19,May,2022,Q2
2022-05-12,south_east,small,1,1,0,20.0,5.0,5.0,10.0,10.0,100.0,19,May,2022,Q2
2022-05-13,greater_london,large,1,0,1,100.0,20.0,30.0,50.0,50.0,100.0,19,May,2022,Q2
2022-05-13,south_east,large,1,0,1,100.0,20.0,30.0,50.0,50.0,100.0,19,May,2022,Q2
2022-05-13,south_east,small,1,1,0,20.0,5.0,5.0,10.0,10.0,100.0,19,May,2022,Q2
2022-05-14,north_east,small,1,1,0,20.0,5.0,5.0,10.0,10.0,100.0,19,May,2022,Q2
2022-05-14,south_east,small,2,2,0,40.0,10.0,10.0,20.0,20.0,100.0,19,May,2022,Q2
2022-05-14,south_west,small,2,2,0,40.0,10.0,10.0,20.0,20.0,100.0,19,May,2022,Q2
2022-05-15,greater_london,large,1,0,1,100.0,20.0,30.0,50.0,50.0,100.0,19,May,2022,Q2
2022-05-15,greater_london,small,1,1,0,20.0,5.0,5.0,10.0,10.0,100.0,19,May,2022,Q2
2022-05-15,north_east,large,1,0,1,100.0,20.0,30.0,50.0,50.0,100.0,19,May,2022,Q2
2022-05-16,east_midlands,small,1,1,0,20.0,5.0,5.0,10.0,10.0,100.0,20,May,2022,Q2
2022-05-16,greater_london,large,1,0,1,100.0,20.0,30.0,50.0,50.0,100.0,20,May,2022,Q2
2022-05-17,east_midlands,small,1,1,0,20.0,5.0,5.0,10.0,10.0,100.0,20,May,2022,Q2
2022-05-17,south_east,small,2,2,0,40.0,10.0,10.0,20.0,20.0,100.0,20,May,2022,Q2
2022-05-17,south_wales,large,1,0,1,100.0,20.0,30.0,50.0,50.0,100.0,20,May,2022,Q2
2022-05-18,east_midlands,small,1,1,0,20.0,5.0,5.0,10.0,10.0,100.0,20,May,2022,Q2
2022-05-18,greater_london,large,1,0,1,100.0,20.0,30.0,50.0,50.0,100.0,20,May,2022,Q2
2022-05-18,south_east,large,1,0,1,100.0,20.0,30.0,50.0,50.0,100.0,20,May,2022,Q2
2022-05-18,south_east,small,2,2,0,40.0,10.0,10.0,20.0,20.0,100.0,20,May,2022,Q2
2022-05-19,south_east,small,1,1,0,20.0,5.0,5.0,10.0,10.0,100.0,20,May,2022,Q2
2022-05-19,south_wales,small,2,2,0,40.0,10.0,10.0,20.0,20.0,100.0,20,May,2022,Q2
2022-05-19,west_midlands,small,1,1,0,20.0,5.0,5.0,10.0,10.0,100.0,20,May,2022,Q2
2022-05-20,greater_london,small,2,1,0,40.0,5.0,5.0,10.0,30.0,300.0,20,May,2022,Q2
2022-05-20,south_east,large,1,0,1,100.0,20.0,30.0,50.0,50.0,100.0,20,May,2022,Q2
2022-05-20,south_wales,small,1,1,0,20.0,5.0,5.0,10.0,10.0,100.0,20,May,2022,Q2
2022-05-20,west_midlands,small,1,1,0,20.0,5.0,5.0,10.0,10.0,100.0,20,May,2022,Q2
2022-05-21,north_east,small,1,1,0,20.0,5.0,5.0,10.0,10.0,100.0,20,May,2022,Q2
2022-05-21,south_east,large,1,0,1,100.0,20.0,30.0,50.0,50.0,100.0,20,May,2022,Q2
2022-05-21,south_wales,small,1,1,0,20.0,5.0,5.0,10.0,10.0,100.0,20,May,2022,Q2
2022-05-22,north_wales,small,1,1,0,20.0,5.0,5.0,10.0,10.0,100.0,20,May,2022,Q2
2022-05-22,south_east,large,1,0,1,100.0,20.0,30.0,50.0,50.0,100.0,20,May,2022,Q2
2022-05-22,south_east,small,1,1,0,20.0,5.0,5.0,10.0,10.0,100.0,20,May,2022,Q2
2022-05-22,south_wales,small,1,1,0,20.0,5.0,5.0,10.0,10.0,100.0,20,May,2022,Q2
2022-05-23,east_midlands,large,1,0,1,100.0,20.0,30.0,50.0,50.0,100.0,21,May,2022,Q2
2022-05-23,greater_london,large,1,0,1,100.0,20.0,30.0,50.0,50.0,100.0,21,May,2022,Q2
2022-05-23,south_east,large,1,0,0,100.0,0.0,0.0,0.0,100.0,inf,21,May,2022,Q2
2022-05-23,south_east,small,3,0,2,60.0,40.0,60.0,100.0,-40.0,-40.0,21,May,2022,Q2
2022-05-24,east_midlands,small,1,1,0,20.0,5.0,5.0,10.0,10.0,100.0,21,May,2022,Q2
2022-05-24,greater_london,small,1,1,0,20.0,5.0,5.0,10.0,10.0,100.0,21,May,2022,Q2
2022-05-24,south_east,small,1,1,0,20.0,5.0,5.0,10.0,10.0,100.0,21,May,2022,Q2
2022-05-25,east_midlands,small,1,1,0,20.0,5.0,5.0,10.0,10.0,100.0,21,May,2022,Q2
2022-05-25,greater_london,small,2,1,0,40.0,5.0,5.0,10.0,30.0,300.0,21,May,2022,Q2
2022-05-26,east_midlands,large,1,0,1,100.0,20.0,30.0,50.0,50.0,100.0,21,May,2022,Q2
2022-05-26,east_midlands,small,1,1,0,20.0,5.0,5.0,10.0,10.0,100.0,21,May,2022,Q2
2022-05-26,greater_london,small,1,1,0,20.0,5.0,5.0,10.0,10.0,100.0,21,May,2022,Q2
2022-05-26,south_east,small,2,2,0,40.0,10.0,10.0,20.0,20.0,100.0,21,May,2022,Q2
2022-05-26,south_wales,large,1,0,1,100.0,20.0,30.0,50.0,50.0,100.0,21,May,2022,Q2
2022-05-27,east_midlands,small,1,1,0,20.0,5.0,5.0,10.0,10.0,100.0,21,May,2022,Q2
2022-05-27,greater_london,small,1,1,0,20.0,5.0,5.0,10.0,10.0,100.0,21,May,2022,Q2
2022-05-27,south_east,small,1,1,0,20.0,5.0,5.0,10.0,10.0,100.0,21,May,2022,Q2
2022-05-27,south_wales,small,1,1,0,20.0,5.0,5.0,10.0,10.0,100.0,21,May,2022,Q2
2022-05-28,east_midlands,large,1,0,1,100.0,20.0,30.0,50.0,50.0,100.0,21,May,2022,Q2
2022-05-28,greater_london,small,1,1,0,20.0,5.0,5.0,10.0,10.0,100.0,21,May,2022,Q2
2022-05-28,south_east,small,2,2,0,40.0,10.0,10.0,20.0,20.0,100.0,21,May,2022,Q2
2022-05-28,south_wales,small,1,1,0,20.0,5.0,5.0,10.0,10.0,100.0,21,May,2022,Q2
2022-05-29,east_midlands,small,1,1,0,20.0,5.0,5.0,10.0,10.0,100.0,21,May,2022,Q2
2022-05-29,greater_london,small,3,1,0,60.0,5.0,5.0,10.0,50.0,500.0,21,May,2022,Q2
2022-05-29,south_east,small,2,2,0,40.0,10.0,10.0,20.0,20.0,100.0,21,May,2022,Q2
2022-05-30,greater_london,large,1,0,0,100.0,0.0,0.0,0.0,100.0,inf,22,May,2022,Q2
2022-05-30,greater_london,small,3,1,0,60.0,5.0,5.0,10.0,50.0,500.0,22,May,2022,Q2
2022-05-30,south_wales,large,1,0,1,100.0,20.0,30.0,50.0,50.0,100.0,22,May,2022,Q2
2022-05-31,east_midlands,small,1,1,0,20.0,5.0,5.0,10.0,10.0,100.0,22,May,2022,Q2
2022-05-31,greater_london,large,1,0,1,100.0,20.0,30.0,50.0,50.0,100.0,22,May,2022,Q2
2022-06-01,east_midlands,large,1,0,1,100.0,20.0,30.0,50.0,50.0,100.0,22,June,2022,Q2
2022-06-01,east_midlands,small,1,1,0,20.0,5.0,5.0,10.0,10.0,100.0,22,June,2022,Q2
2022-06-01,south_wales,large,1,0,1,100.0,20.0,30.0,50.0,50.0,100.0,22,June,2022,Q2
2022-06-01,south_wales,small,1,1,0,20.0,5.0,5.0,10.0,10.0,100.0,22,June,2022,Q2
2022-06-01,south_west,small,3,0,1,60.0,20.0,30.0,50.0,10.0,20.0,22,June,2022,Q2
2022-06-02,greater_london,large,1,0,1,100.0,20.0,30.0,50.0,50.0,100.0,22,June,2022,Q2
2022-06-02,greater_london,small,1,1,0,20.0,5.0,5.0,10.0,10.0,100.0,22,June,2022,Q2
2022-06-02,north_wales,large,1,0,1,100.0,20.0,30.0,50.0,50.0,100.0,22,June,2022,Q2
2022-06-02,south_east,small,2,2,0,40.0,10.0,10.0,20.0,20.0,100.0,22,June,2022,Q2
2022-06-02,south_west,large,1,0,1,100.0,20.0,30.0,50.0,50.0,100.0,22,June,2022,Q2
2022-06-03,east_midlands,small,1,1,0,20.0,5.0,5.0,10.0,10.0,100.0,22,June,2022,Q2
2022-06-03,north_east,small,1,1,0,20.0,5.0,5.0,10.0,10.0,100.0,22,June,2022,Q2
2022-06-03,south_east,large,1,0,1,100.0,20.0,30.0,50.0,50.0,100.0,22,June,2022,Q2
2022-06-03,south_east,small,2,2,0,40.0,10.0,10.0,20.0,20.0,100.0,22,June,2022,Q2
2022-06-03,south_west,large,1,0,1,100.0,20.0,30.0,50.0,50.0,100.0,22,June,2022,Q2
2022-06-03,south_west,small,1,1,0,20.0,5.0,5.0,10.0,10.0,100.0,22,June,2022,Q2
2022-06-04,east_midlands,small,1,1,0,20.0,5.0,5.0,10.0,10.0,100.0,22,June,2022,Q2
2022-06-04,greater_london,small,2,1,0,40.0,5.0,5.0,10.0,30.0,300.0,22,June,2022,Q2
2022-06-04,south_east,small,2,2,0,40.0,10.0,10.0,20.0,20.0,100.0,22,June,2022,Q2
2022-06-04,south_wales,large,1,0,1,100.0,20.0,30.0,50.0,50.0,100.0,22,June,2022,Q2
2022-06-05,greater_london,large,1,0,1,100.0,20.0,30.0,50.0,50.0,100.0,22,June,2022,Q2
2022-06-05,greater_london,small,1,1,0,20.0,5.0,5.0,10.0,10.0,100.0,22,June,2022,Q2
2022-06-05,south_east,large,1,0,1,100.0,20.0,30.0,50.0,50.0,100.0,22,June,2022,Q2
2022-06-05,south_wales,small,1,1,0,20.0,5.0,5.0,10.0,10.0,100.0,22,June,2022,Q2
2022-06-05,west_midlands,large,1,0,1,100.0,20.0,30.0,50.0,50.0,100.0,22,June,2022,Q2
2022-06-06,greater_london,small,3,1,0,60.0,5.0,5.0,10.0,50.0,500.0,23,June,2022,Q2
2022-06-06,south_east,small,2,2,0,40.0,10.0,10.0,20.0,20.0,100.0,23,June,2022,Q2
2022-06-06,south_wales,small,1,1,0,20.0,5.0,5.0,10.0,10.0,100.0,23,June,2022,Q2
2022-06-07,east_midlands,small,2,2,0,40.0,10.0,10.0,20.0,20.0,100.0,23,June,2022,Q2
2022-06-07,greater_london,small,1,1,0,20.0,5.0,5.0,10.0,10.0,100.0,23,June,2022,Q2
2022-06-07,south_east,large,1,0,1,100.0,20.0,30.0,50.0,50.0,100.0,23,June,2022,Q2
2022-06-07,south_west,small,1,1,0,20.0,5.0,5.0,10.0,10.0,100.0,23,June,2022,Q2
2022-06-08,greater_london,small,3,1,0,60.0,5.0,5.0,10.0,50.0,500.0,23,June,2022,Q2
2022-06-08,south_east,small,1,1,0,20.0,5.0,5.0,10.0,10.0,100.0,23,June,2022,Q2
2022-06-08,south_wales,small,1,1,0,20.0,5.0,5.0,10.0,10.0,100.0,23,June,2022,Q2
2022-06-08,south_west,large,1,0,1,100.0,20.0,30.0,50.0,50.0,100.0,23,June,2022,Q2
2022-06-09,east_midlands,small,1,1,0,20.0,5.0,5.0,10.0,10.0,100.0,23,June,2022,Q2
2022-06-09,greater_london,small,1,1,0,20.0,5.0,5.0,10.0,10.0,100.0,23,June,2022,Q2
2022-06-09,north_east,large,1,0,1,100.0,20.0,30.0,50.0,50.0,100.0,23,June,2022,Q2
2022-06-09,south_east,large,1,0,1,100.0,20.0,30.0,50.0,50.0,100.0,23,June,2022,Q2
2022-06-09,south_west,small,1,1,0,20.0,5.0,5.0,10.0,10.0,100.0,23,June,2022,Q2
2022-06-10,south_east,small,1,1,0,20.0,5.0,5.0,10.0,10.0,100.0,23,June,2022,Q2
2022-06-10,south_wales,large,1,0,1,100.0,20.0,30.0,50.0,50.0,100.0,23,June,2022,Q2
2022-06-10,south_west,small,2,2,0,40.0,10.0,10.0,20.0,20.0,100.0,23,June,2022,Q2
2022-06-10,west_midlands,small,1,1,0,20.0,5.0,5.0,10.0,10.0,100.0,23,June,2022,Q2
2022-06-11,east_midlands,small,1,1,0,20.0,5.0,5.0,10.0,10.0,100.0,23,June,2022,Q2
2022-06-11,greater_london,small,2,1,0,40.0,5.0,5.0,10.0,30.0,300.0,23,June,2022,Q2
2022-06-11,south_east,large,1,0,1,100.0,20.0,30.0,50.0,50.0,100.0,23,June,2022,Q2
2022-06-11,south_east,small,2,2,0,40.0,10.0,10.0,20.0,20.0,100.0,23,June,2022,Q2
2022-06-11,south_wales,small,1,1,0,20.0,5.0,5.0,10.0,10.0,100.0,23,June,2022,Q2
2022-06-12,east_midlands,large,1,0,1,100.0,20.0,30.0,50.0,50.0,100.0,23,June,2022,Q2
2022-06-12,greater_london,large,2,0,0,200.0,0.0,0.0,0.0,200.0,inf,23,June,2022,Q2
2022-06-12,greater_london,small,3,1,0,60.0,5.0,5.0,10.0,50.0,500.0,23,June,2022,Q2
2022-06-12,south_west,small,1,1,0,20.0,5.0,5.0,10.0,10.0,100.0,23,June,2022,Q2
2022-06-13,greater_london,large,1,0,1,100.0,20.0,30.0,50.0,50.0,100.0,24,June,2022,Q2
2022-06-13,greater_london,small,2,1,0,40.0,5.0,5.0,10.0,30.0,300.0,24,June,2022,Q2
2022-06-13,north_east,large,1,0,1,100.0,20.0,30.0,50.0,50.0,100.0,24,June,2022,Q2
2022-06-13,south_west,large,1,0,1,100.0,20.0,30.0,50.0,50.0,100.0,24,June,2022,Q2
2022-06-13,west_midlands,small,1,1,0,20.0,5.0,5.0,10.0,10.0,100.0,24,June,2022,Q2
2022-06-14,greater_london,small,2,1,0,40.0,5.0,5.0,10.0,30.0,300.0,24,June,2022,Q2
2022-06-14,north_east,large,1,0,1,100.0,20.0,30.0,50.0,50.0,100.0,24,June,2022,Q2
2022-06-14,south_east,small,1,1,0,20.0,5.0,5.0,10.0,10.0,100.0,24,June,2022,Q2
2022-06-14,south_wales,small,1,1,0,20.0,5.0,5.0,10.0,10.0,100.0,24,June,2022,Q2
2022-06-14,south_west,small,1,1,0,20.0,5.0,5.0,10.0,10.0,100.0,24,June,2022,Q2
2022-06-15,greater_london,large,2,0,2,200.0,40.0,60.0,100.0,100.0,100.0,24,June,2022,Q2
2022-06-15,greater_london,small,1,1,0,20.0,5.0,5.0,10.0,10.0,100.0,24,June,2022,Q2
2022-06-15,south_east,small,1,1,0,20.0,5.0,5.0,10.0,10.0,100.0,24,June,2022,Q2
2022-06-15,south_west,small,3,0,1,60.0,20.0,30.0,50.0,10.0,20.0,24,June,2022,Q2
2022-06-16,east_midlands,small,1,1,0,20.0,5.0,5.0,10.0,10.0,100.0,24,June,2022,Q2
2022-06-16,greater_london,small,2,1,0,40.0,5.0,5.0,10.0,30.0,300.0,24,June,2022,Q2
2022-06-16,north_east,large,1,0,1,100.0,20.0,30.0,50.0,50.0,100.0,24,June,2022,Q2
2022-06-16,south_west,small,2,2,0,40.0,10.0,10.0,20.0,20.0,100.0,24,June,2022,Q2
2022-06-17,east_midlands,small,1,1,0,20.0,5.0,5.0,10.0,10.0,100.0,24,June,2022,Q2
2022-06-17,greater_london,small,1,1,0,20.0,5.0,5.0,10.0,10.0,100.0,24,June,2022,Q2
2022-06-17,south_west,small,2,2,0,40.0,10.0,10.0,20.0,20.0,100.0,24,June,2022,Q2
2022-06-18,greater_london,small,3,1,0,60.0,5.0,5.0,10.0,50.0,500.0,24,June,2022,Q2
2022-06-18,west_midlands,small,3,0,1,60.0,20.0,30.0,50.0,10.0,20.0,24,June,2022,Q2
2022-06-19,greater_london,small,2,1,0,40.0,5.0,5.0,10.0,30.0,300.0,24,June,2022,Q2
2022-06-19,north_wales,small,1,1,0,20.0,5.0,5.0,10.0,10.0,100.0,24,June,2022,Q2
2022-06-19,south_east,small,2,2,0,40.0,10.0,10.0,20.0,20.0,100.0,24,June,2022,Q2
2022-06-19,south_wales,large,1,0,1,100.0,20.0,30.0,50.0,50.0,100.0,24,June,2022,Q2
2022-06-19,south_wales,small,1,1,0,20.0,5.0,5.0,10.0,10.0,100.0,24,June,2022,Q2
2022-06-20,north_east,small,1,1,0,20.0,5.0,5.0,10.0,10.0,100.0,25,June,2022,Q2
2022-06-20,south_wales,small,1,1,0,20.0,5.0,5.0,10.0,10.0,100.0,25,June,2022,Q2
2022-06-20,west_midlands,large,1,0,1,100.0,20.0,30.0,50.0,50.0,100.0,25,June,2022,Q2
2022-06-21,south_east,small,2,2,0,40.0,10.0,10.0,20.0,20.0,100.0,25,June,2022,Q2
2022-06-21,south_west,large,1,0,1,100.0,20.0,30.0,50.0,50.0,100.0,25,June,2022,Q2
2022-06-21,south_west,small,2,2,0,40.0,10.0,10.0,20.0,20.0,100.0,25,June,2022,Q2
2022-06-21,west_midlands,large,2,0,2,200.0,40.0,60.0,100.0,100.0,100.0,25,June,2022,Q2
2022-06-22,greater_london,small,1,1,0,20.0,5.0,5.0,10.0,10.0,100.0,25,June,2022,Q2
2022-06-22,north_east,small,2,2,0,40.0,10.0,10.0,20.0,20.0,100.0,25,June,2022,Q2
2022-06-22,south_east,small,1,1,0,20.0,5.0,5.0,10.0,10.0,100.0,25,June,2022,Q2
2022-06-22,west_midlands,large,1,0,1,100.0,20.0,30.0,50.0,50.0,100.0,25,June,2022,Q2
2022-06-23,east_midlands,small,1,1,0,20.0,5.0,5.0,10.0,10.0,100.0,25,June,2022,Q2
2022-06-23,greater_london,small,1,1,0,20.0,5.0,5.0,10.0,10.0,100.0,25,June,2022,Q2
2022-06-23,south_wales,large,1,0,1,100.0,20.0,30.0,50.0,50.0,100.0,25,June,2022,Q2
2022-06-23,south_west,small,1,1,0,20.0,5.0,5.0,10.0,10.0,100.0,25,June,2022,Q2
2022-06-23,west_midlands,small,1,1,0,20.0,5.0,5.0,10.0,10.0,100.0,25,June,2022,Q2
2022-06-24,greater_london,small,3,1,0,60.0,5.0,5.0,10.0,50.0,500.0,25,June,2022,Q2
2022-06-24,south_west,large,1,0,1,100.0,20.0,30.0,50.0,50.0,100.0,25,June,2022,Q2
2022-06-25,greater_london,large,1,0,1,100.0,20.0,30.0,50.0,50.0,100.0,25,June,2022,Q2
2022-06-25,greater_london,small,2,1,0,40.0,5.0,5.0,10.0,30.0,300.0,25,June,2022,Q2
2022-06-25,south_east,large,1,0,1,100.0,20.0,30.0,50.0,50.0,100.0,25,June,2022,Q2
2022-06-25,south_east,small,1,1,0,20.0,5.0,5.0,10.0,10.0,100.0,25,June,2022,Q2
2022-06-25,south_west,small,1,1,0,20.0,5.0,5.0,10.0,10.0,100.0,25,June,2022,Q2
2022-06-26,greater_london,large,1,0,0,100.0,0.0,0.0,0.0,100.0,inf,25,June,2022,Q2
2022-06-26,greater_london,small,3,1,0,60.0,5.0,5.0,10.0,50.0,500.0,25,June,2022,Q2
2022-06-26,north_east,small,1,1,0,20.0,5.0,5.0,10.0,10.0,100.0,25,June,2022,Q2
2022-06-26,north_wales,large,1,0,1,100.0,20.0,30.0,50.0,50.0,100.0,25,June,2022,Q2
2022-06-27,greater_london,large,1,0,1,100.0,20.0,30.0,50.0,50.0,100.0,26,June,2022,Q2
2022-06-27,greater_london,small,2,1,0,40.0,5.0,5.0,10.0,30.0,300.0,26,June,2022,Q2
2022-06-27,south_east,large,1,0,1,100.0,20.0,30.0,50.0,50.0,100.0,26,June,2022,Q2
2022-06-27,south_east,small,1,1,0,20.0,5.0,5.0,10.0,10.0,100.0,26,June,2022,Q2
2022-06-28,east_midlands,small,1,1,0,20.0,5.0,5.0,10.0,10.0,100.0,26,June,2022,Q2
2022-06-28,greater_london,small,2,1,0,40.0,5.0,5.0,10.0,30.0,300.0,26,June,2022,Q2
2022-06-28,south_west,large,1,0,1,100.0,20.0,30.0,50.0,50.0,100.0,26,June,2022,Q2
2022-06-28,west_midlands,small,1,1,0,20.0,5.0,5.0,10.0,10.0,100.0,26,June,2022,Q2
2022-06-29,east_midlands,small,1,1,0,20.0,5.0,5.0,10.0,10.0,100.0,26,June,2022,Q2
2022-06-29,greater_london,large,1,0,1,100.0,20.0,30.0,50.0,50.0,100.0,26,June,2022,Q2
2022-06-29,north_east,small,1,1,0,20.0,5.0,5.0,10.0,10.0,100.0,26,June,2022,Q2
2022-06-29,south_east,small,1,1,0,20.0,5.0,5.0,10.0,10.0,100.0,26,June,2022,Q2
2022-06-30,east_midlands,small,1,1,0,20.0,5.0,5.0,10.0,10.0,100.0,26,June,2022,Q2
2022-06-30,greater_london,small,3,1,0,60.0,5.0,5.0,10.0,50.0,500.0,26,June,2022,Q2
2022-06-30,south_east,small,1,1,0,20.0,5.0,5.0,10.0,10.0,100.0,26,June,2022,Q2
2022-06-30,south_west,small,1,1,0,20.0,5.0,5.0,10.0,10.0,100.0,26,June,2022,Q2
2022-07-01,greater_london,large,1,0,1,100.0,20.0,30.0,50.0,50.0,100.0,26,July,2022,Q3
2022-07-01,greater_london,small,2,1,0,40.0,5.0,5.0,10.0,30.0,300.0,26,July,2022,Q3
2022-07-01,south_east,small,1,1,0,20.0,5.0,5.0,10.0,10.0,100.0,26,July,2022,Q3
2022-07-02,east_midlands,small,1,1,0,20.0,5.0,5.0,10.0,10.0,100.0,26,July,2022,Q3
2022-07-02,greater_london,large,1,0,1,100.0,20.0,30.0,50.0,50.0,100.0,26,July,2022,Q3
2022-07-02,greater_london,small,2,1,0,40.0,5.0,5.0,10.0,30.0,300.0,26,July,2022,Q3
2022-07-02,north_east,small,1,1,0,20.0,5.0,5.0,10.0,10.0,100.0,26,July,2022,Q3
2022-07-02,south_east,large,1,0,1,100.0,20.0,30.0,50.0,50.0,100.0,26,July,2022,Q3
2022-07-02,south_west,small,1,1,0,20.0,5.0,5.0,10.0,10.0,100.0,26,July,2022,Q3
2022-07-03,greater_london,small,5,1,1,100.0,25.0,35.0,60.0,40.0,66.66666666666666,26,July,2022,Q3
2022-07-03,south_east,small,2,2,0,40.0,10.0,10.0,20.0,20.0,100.0,26,July,2022,Q3
2022-07-03,south_wales,small,1,1,0,20.0,5.0,5.0,10.0,10.0,100.0,26,July,2022,Q3
2022-07-03,south_west,small,1,1,0,20.0,5.0,5.0,10.0,10.0,100.0,26,July,2022,Q3
2022-07-04,greater_london,small,3,1,0,60.0,5.0,5.0,10.0,50.0,500.0,27,July,2022,Q3
2022-07-04,north_wales,small,1,1,0,20.0,5.0,5.0,10.0,10.0,100.0,27,July,2022,Q3
2022-07-04,south_east,small,1,1,0,20.0,5.0,5.0,10.0,10.0,100.0,27,July,2022,Q3
2022-07-05,greater_london,large,1,0,1,100.0,20.0,30.0,50.0,50.0,100.0,27,July,2022,Q3
2022-07-05,north_east,small,2,2,0,40.0,10.0,10.0,20.0,20.0,100.0,27,July,2022,Q3
2022-07-05,north_wales,small,1,1,0,20.0,5.0,5.0,10.0,10.0,100.0,27,July,2022,Q3
2022-07-05,west_midlands,small,1,1,0,20.0,5.0,5.0,10.0,10.0,100.0,27,July,2022,Q3
2022-07-06,south_east,small,3,0,1,60.0,20.0,30.0,50.0,10.0,20.0,27,July,2022,Q3
2022-07-06,south_west,large,1,0,1,100.0,20.0,30.0,50.0,50.0,100.0,27,July,2022,Q3
2022-07-06,south_west,small,1,1,0,20.0,5.0,5.0,10.0,10.0,100.0,27,July,2022,Q3
2022-07-06,west_midlands,large,1,0,1,100.0,20.0,30.0,50.0,50.0,100.0,27,July,2022,Q3
2022-07-07,greater_london,large,1,0,1,100.0,20.0,30.0,50.0,50.0,100.0,27,July,2022,Q3
2022-07-07,greater_london,small,1,1,0,20.0,5.0,5.0,10.0,10.0,100.0,27,July,2022,Q3
2022-07-07,south_east,small,2,2,0,40.0,10.0,10.0,20.0,20.0,100.0,27,July,2022,Q3
2022-07-07,south_west,small,1,1,0,20.0,5.0,5.0,10.0,10.0,100.0,27,July,2022,Q3
2022-07-08,greater_london,large,1,0,1,100.0,20.0,30.0,50.0,50.0,100.0,27,July,2022,Q3
2022-07-08,north_east,large,1,0,1,100.0,20.0,30.0,50.0,50.0,100.0,27,July,2022,Q3
2022-07-08,south_east,small,3,0,1,60.0,20.0,30.0,50.0,10.0,20.0,27,July,2022,Q3
2022-07-09,east_midlands,large,1,0,1,100.0,20.0,30.0,50.0,50.0,100.0,27,July,2022,Q3
2022-07-09,greater_london,small,3,1,0,60.0,5.0,5.0,10.0,50.0,500.0,27,July,2022,Q3
2022-07-09,south_wales,small,1,1,0,20.0,5.0,5.0,10.0,10.0,100.0,27,July,2022,Q3
2022-07-09,south_west,small,1,1,0,20.0,5.0,5.0,10.0,10.0,100.0,27,July,2022,Q3
2022-07-10,east_midlands,small,1,1,0,20.0,5.0,5.0,10.0,10.0,100.0,27,July,2022,Q3
2022-07-10,greater_london,small,1,1,0,20.0,5.0,5.0,10.0,10.0,100.0,27,July,2022,Q3
2022-07-10,south_wales,small,1,1,0,20.0,5.0,5.0,10.0,10.0,100.0,27,July,2022,Q3
2022-07-10,south_west,small,1,1,0,20.0,5.0,5.0,10.0,10.0,100.0,27,July,2022,Q3
2022-07-11,greater_london,large,1,0,1,100.0,20.0,30.0,50.0,50.0,100.0,28,July,2022,Q3
2022-07-11,north_wales,small,2,2,0,40.0,10.0,10.0,20.0,20.0,100.0,28,July,2022,Q3
2022-07-11,south_east,small,2,2,0,40.0,10.0,10.0,20.0,20.0,100.0,28,July,2022,Q3
2022-07-11,south_wales,large,1,0,1,100.0,20.0,30.0,50.0,50.0,100.0,28,July,2022,Q3
2022-07-11,south_wales,small,1,1,0,20.0,5.0,5.0,10.0,10.0,100.0,28,July,2022,Q3
2022-07-12,east_midlands,large,1,0,1,100.0,20.0,30.0,50.0,50.0,100.0,28,July,2022,Q3
2022-07-12,east_midlands,small,1,1,0,20.0,5.0,5.0,10.0,10.0,100.0,28,July,2022,Q3
2022-07-12,greater_london,small,1,1,0,20.0,5.0,5.0,10.0,10.0,100.0,28,July,2022,Q3
2022-07-12,south_east,small,1,1,0,20.0,5.0,5.0,10.0,10.0,100.0,28,July,2022,Q3
2022-07-12,south_wales,small,1,1,0,20.0,5.0,5.0,10.0,10.0,100.0,28,July,2022,Q3
2022-07-13,east_midlands,small,2,2,0,40.0,10.0,10.0,20.0,20.0,100.0,28,July,2022,Q3
2022-07-13,south_east,small,1,1,0,20.0,5.0,5.0,10.0,10.0,100.0,28,July,2022,Q3
2022-07-13,south_wales,small,1,1,0,20.0,5.0,5.0,10.0,10.0,100.0,28,July,2022,Q3
2022-07-13,south_west,small,1,1,0,20.0,5.0,5.0,10.0,10.0,100.0,28,July,2022,Q3
2022-07-13,west_midlands,small,1,1,0,20.0,5.0,5.0,10.0,10.0,100.0,28,July,2022,Q3
2022-07-14,east_midlands,large,1,0,0,100.0,0.0,0.0,0.0,100.0,inf,28,July,2022,Q3
2022-07-14,east_midlands,small,3,0,2,60.0,40.0,60.0,100.0,-40.0,-40.0,28,July,2022,Q3
2022-07-14,south_east,small,1,1,0,20.0,5.0,5.0,10.0,10.0,100.0,28,July,2022,Q3
2022-07-14,south_wales,small,1,1,0,20.0,5.0,5.0,10.0,10.0,100.0,28,July,2022,Q3
2022-07-14,south_west,large,1,0,1,100.0,20.0,30.0,50.0,50.0,100.0,28,July,2022,Q3
2022-07-14,west_midlands,small,1,1,0,20.0,5.0,5.0,10.0,10.0,100.0,28,July,2022,Q3
2022-07-15,north_east,small,1,1,0,20.0,5.0,5.0,10.0,10.0,100.0,28,July,2022,Q3
2022-07-15,south_east,small,3,0,1,60.0,20.0,30.0,50.0,10.0,20.0,28,July,2022,Q3
2022-07-15,south_west,small,2,2,0,40.0,10.0,10.0,20.0,20.0,100.0,28,July,2022,Q3
2022-07-16,greater_london,small,1,1,0,20.0,5.0,5.0,10.0,10.0,100.0,28,July,2022,Q3
2022-07-16,south_east,large,1,0,1,100.0,20.0,30.0,50.0,50.0,100.0,28,July,2022,Q3
2022-07-16,south_west,large,1,0,0,100.0,0.0,0.0,0.0,100.0,inf,28,July,2022,Q3
2022-07-16,south_west,small,3,0,2,60.0,40.0,60.0,100.0,-40.0,-40.0,28,July,2022,Q3
2022-07-16,west_midlands,large,1,0,1,100.0,20.0,30.0,50.0,50.0,100.0,28,July,2022,Q3
2022-07-17,greater_london,large,2,0,2,200.0,40.0,60.0,100.0,100.0,100.0,28,July,2022,Q3
2022-07-17,greater_london,small,2,1,0,40.0,5.0,5.0,10.0,30.0,300.0,28,July,2022,Q3
2022-07-17,south_east,small,1,1,0,20.0,5.0,5.0,10.0,10.0,100.0,28,July,2022,Q3
2022-07-17,south_west,large,1,0,1,100.0,20.0,30.0,50.0,50.0,100.0,28,July,2022,Q3
2022-07-18,east_midlands,small,1,1,0,20.0,5.0,5.0,10.0,10.0,100.0,29,July,2022,Q3
2022-07-18,greater_london,small,2,1,0,40.0,5.0,5.0,10.0,30.0,300.0,29,July,2022,Q3
2022-07-18,south_east,small,1,1,0,20.0,5.0,5.0,10.0,10.0,100.0,29,July,2022,Q3
2022-07-18,south_west,small,1,1,0,20.0,5.0,5.0,10.0,10.0,100.0,29,July,2022,Q3
2022-07-19,greater_london,large,1,0,1,100.0,20.0,30.0,50.0,50.0,100.0,29,July,2022,Q3
2022-07-19,north_east,small,1,1,0,20.0,5.0,5.0,10.0,10.0,100.0,29,July,2022,Q3
2022-07-19,south_east,large,2,0,2,200.0,40.0,60.0,100.0,100.0,100.0,29,July,2022,Q3
2022-07-19,south_west,small,1,1,0,20.0,5.0,5.0,10.0,10.0,100.0,29,July,2022,Q3
2022-07-20,greater_london,small,1,1,0,20.0,5.0,5.0,10.0,10.0,100.0,29,July,2022,Q3
2022-07-20,south_east,small,1,1,0,20.0,5.0,5.0,10.0,10.0,100.0,29,July,2022,Q3
2022-07-20,south_wales,small,1,1,0,20.0,5.0,5.0,10.0,10.0,100.0,29,July,2022,Q3
2022-07-20,south_west,small,2,2,0,40.0,10.0,10.0,20.0,20.0,100.0,29,July,2022,Q3
2022-07-21,east_midlands,large,1,0,1,100.0,20.0,30.0,50.0,50.0,100.0,29,July,2022,Q3
2022-07-21,greater_london,large,1,0,0,100.0,0.0,0.0,0.0,100.0,inf,29,July,2022,Q3
2022-07-21,greater_london,small,3,1,0,60.0,5.0,5.0,10.0,50.0,500.0,29,July,2022,Q3
2022-07-21,north_wales,small,1,1,0,20.0,5.0,5.0,10.0,10.0,100.0,29,July,2022,Q3
2022-07-21,south_east,small,1,1,0,20.0,5.0,5.0,10.0,10.0,100.0,29,July,2022,Q3
2022-07-21,south_wales,small,1,1,0,20.0,5.0,5.0,10.0,10.0,100.0,29,July,2022,Q3
2022-07-21,south_west,small,1,1,0,20.0,5.0,5.0,10.0,10.0,100.0,29,July,2022,Q3
2022-07-22,east_midlands,large,1,0,1,100.0,20.0,30.0,50.0,50.0,100.0,29,July,2022,Q3
2022-07-22,greater_london,large,1,0,1,100.0,20.0,30.0,50.0,50.0,100.0,29,July,2022,Q3
2022-07-22,south_east,small,1,1,0,20.0,5.0,5.0,10.0,10.0,100.0,29,July,2022,Q3
2022-07-23,greater_london,small,2,1,0,40.0,5.0,5.0,10.0,30.0,300.0,29,July,2022,Q3
2022-07-23,south_east,small,2,2,0,40.0,10.0,10.0,20.0,20.0,100.0,29,July,2022,Q3
2022-07-24,greater_london,large,1,0,1,100.0,20.0,30.0,50.0,50.0,100.0,29,July,2022,Q3
2022-07-24,greater_london,small,2,1,0,40.0,5.0,5.0,10.0,30.0,300.0,29,July,2022,Q3
2022-07-24,south_east,small,2,2,0,40.0,10.0,10.0,20.0,20.0,100.0,29,July,2022,Q3
2022-07-25,greater_london,small,3,1,0,60.0,5.0,5.0,10.0,50.0,500.0,30,July,2022,Q3
2022-07-25,north_wales,large,1,0,1,100.0,20.0,30.0,50.0,50.0,100.0,30,July,2022,Q3
2022-07-26,east_midlands,small,1,1,0,20.0,5.0,5.0,10.0,10.0,100.0,30,July,2022,Q3
2022-07-26,greater_london,small,2,1,0,40.0,5.0,5.0,10.0,30.0,300.0,30,July,2022,Q3
2022-07-26,south_east,small,1,1,0,20.0,5.0,5.0,10.0,10.0,100.0,30,July,2022,Q3
2022-07-26,south_west,large,1,0,1,100.0,20.0,30.0,50.0,50.0,100.0,30,July,2022,Q3
2022-07-26,south_west,small,1,1,0,20.0,5.0,5.0,10.0,10.0,100.0,30,July,2022,Q3
2022-07-26,west_midlands,small,1,1,0,20.0,5.0,5.0,10.0,10.0,100.0,30,July,2022,Q3
2022-07-27,greater_london,small,1,1,0,20.0,5.0,5.0,10.0,10.0,100.0,30,July,2022,Q3
2022-07-27,north_wales,small,1,1,0,20.0,5.0,5.0,10.0,10.0,100.0,30,July,2022,Q3
2022-07-27,south_east,small,1,1,0,20.0,5.0,5.0,10.0,10.0,100.0,30,July,2022,Q3
2022-07-27,south_wales,small,1,1,0,20.0,5.0,5.0,10.0,10.0,100.0,30,July,2022,Q3
2022-07-28,greater_london,small,2,1,0,40.0,5.0,5.0,10.0,30.0,300.0,30,July,2022,Q3
2022-07-28,north_east,small,2,2,0,40.0,10.0,10.0,20.0,20.0,100.0,30,July,2022,Q3
2022-07-28,south_east,small,1,1,0,20.0,5.0,5.0,10.0,10.0,100.0,30,July,2022,Q3
2022-07-28,south_wales,large,1,0,1,100.0,20.0,30.0,50.0,50.0,100.0,30,July,2022,Q3
2022-07-29,east_midlands,small,1,1,0,20.0,5.0,5.0,10.0,10.0,100.0,30,July,2022,Q3
2022-07-29,greater_london,large,1,0,1,100.0,20.0,30.0,50.0,50.0,100.0,30,July,2022,Q3
2022-07-29,greater_london,small,2,1,0,40.0,5.0,5.0,10.0,30.0,300.0,30,July,2022,Q3
2022-07-29,north_wales,small,1,1,0,20.0,5.0,5.0,10.0,10.0,100.0,30,July,2022,Q3
2022-07-29,south_east,small,1,1,0,20.0,5.0,5.0,10.0,10.0,100.0,30,July,2022,Q3
2022-07-29,south_west,small,1,1,0,20.0,5.0,5.0,10.0,10.0,100.0,30,July,2022,Q3
2022-07-30,east_midlands,small,1,1,0,20.0,5.0,5.0,10.0,10.0,100.0,30,July,2022,Q3
2022-07-30,greater_london,small,5,1,1,100.0,25.0,35.0,60.0,40.0,66.66666666666666,30,July,2022,Q3
2022-07-30,north_east,large,1,0,1,100.0,20.0,30.0,50.0,50.0,100.0,30,July,2022,Q3
2022-07-30,north_east,small,2,2,0,40.0,10.0,10.0,20.0,20.0,100.0,30,July,2022,Q3
2022-07-30,south_east,large,1,0,1,100.0,20.0,30.0,50.0,50.0,100.0,30,July,2022,Q3
2022-07-31,north_east,small,2,2,0,40.0,10.0,10.0,20.0,20.0,100.0,30,July,2022,Q3
2022-07-31,south_east,large,1,0,1,100.0,20.0,30.0,50.0,50.0,100.0,30,July,2022,Q3
2022-07-31,south_west,large,2,0,2,200.0,40.0,60.0,100.0,100.0,100.0,30,July,2022,Q3
2022-08-01,south_east,large,1,0,1,100.0,20.0,30.0,50.0,50.0,100.0,31,August,2022,Q3
2022-08-01,south_east,small,2,2,0,40.0,10.0,10.0,20.0,20.0,100.0,31,August,2022,Q3
2022-08-01,south_wales,small,1,1,0,20.0,5.0,5.0,10.0,10.0,100.0,31,August,2022,Q3
2022-08-01,south_west,small,2,2,0,40.0,10.0,10.0,20.0,20.0,100.0,31,August,2022,Q3
2022-08-02,greater_london,large,1,0,1,100.0,20.0,30.0,50.0,50.0,100.0,31,August,2022,Q3
2022-08-02,greater_london,small,1,1,0,20.0,5.0,5.0,10.0,10.0,100.0,31,August,2022,Q3
2022-08-02,south_east,small,3,0,1,60.0,20.0,30.0,50.0,10.0,20.0,31,August,2022,Q3
2022-08-03,east_midlands,small,1,1,0,20.0,5.0,5.0,10.0,10.0,100.0,31,August,2022,Q3
2022-08-03,south_east,small,1,1,0,20.0,5.0,5.0,10.0,10.0,100.0,31,August,2022,Q3
2022-08-03,south_wales,large,1,0,1,100.0,20.0,30.0,50.0,50.0,100.0,31,August,2022,Q3
2022-08-03,south_west,large,2,0,2,200.0,40.0,60.0,100.0,100.0,100.0,31,August,2022,Q3
2022-08-04,north_east,small,1,1,0,20.0,5.0,5.0,10.0,10.0,100.0,31,August,2022,Q3
2022-08-04,south_east,small,2,2,0,40.0,10.0,10.0,20.0,20.0,100.0,31,August,2022,Q3
2022-08-04,west_midlands,large,1,0,1,100.0,20.0,30.0,50.0,50.0,100.0,31,August,2022,Q3
2022-08-05,east_midlands,large,1,0,1,100.0,20.0,30.0,50.0,50.0,100.0,31,August,2022,Q3
2022-08-05,north_east,large,1,0,1,100.0,20.0,30.0,50.0,50.0,100.0,31,August,2022,Q3
2022-08-05,south_east,small,4,0,1,80.0,20.0,30.0,50.0,30.0,60.0,31,August,2022,Q3
2022-08-05,south_wales,small,1,1,0,20.0,5.0,5.0,10.0,10.0,100.0,31,August,2022,Q3
2022-08-06,east_midlands,small,1,1,0,20.0,5.0,5.0,10.0,10.0,100.0,31,August,2022,Q3
2022-08-06,greater_london,large,1,0,1,100.0,20.0,30.0,50.0,50.0,100.0,31,August,2022,Q3
2022-08-06,greater_london,small,2,1,0,40.0,5.0,5.0,10.0,30.0,300.0,31,August,2022,Q3
2022-08-06,south_wales,large,1,0,1,100.0,20.0,30.0,50.0,50.0,100.0,31,August,2022,Q3
2022-08-07,greater_london,small,2,1,0,40.0,5.0,5.0,10.0,30.0,300.0,31,August,2022,Q3
2022-08-07,south_east,large,1,0,1,100.0,20.0,30.0,50.0,50.0,100.0,31,August,2022,Q3
2022-08-07,south_east,small,1,1,0,20.0,5.0,5.0,10.0,10.0,100.0,31,August,2022,Q3
2022-08-07,south_wales,large,1,0,1,100.0,20.0,30.0,50.0,50.0,100.0,31,August,2022,Q3
2022-08-07,south_west,large,2,0,2,200.0,40.0,60.0,100.0,100.0,100.0,31,August,2022,Q3
2022-08-08,greater_london,small,5,1,1,100.0,25.0,35.0,60.0,40.0,66.66666666666666,32,August,2022,Q3
2022-08-08,south_west,small,2,2,0,40.0,10.0,10.0,20.0,20.0,100.0,32,August,2022,Q3
2022-08-09,east_midlands,large,1,0,1,100.0,20.0,30.0,50.0,50.0,100.0,32,August,2022,Q3
2022-08-09,east_midlands,small,1,1,0,20.0,5.0,5.0,10.0,10.0,100.0,32,August,2022,Q3
2022-08-09,greater_london,small,1,1,0,20.0,5.0,5.0,10.0,10.0,100.0,32,August,2022,Q3
2022-08-09,south_east,large,1,0,1,100.0,20.0,30.0,50.0,50.0,100.0,32,August,2022,Q3
2022-08-09,south_east,small,1,1,0,20.0,5.0,5.0,10.0,10.0,100.0,32,August,2022,Q3
2022-08-09,west_midlands,small,1,1,0,20.0,5.0,5.0,10.0,10.0,100.0,32,August,2022,Q3
2022-08-10,greater_london,small,3,1,0,60.0,5.0,5.0,10.0,50.0,500.0,32,August,2022,Q3
2022-08-10,north_wales,small,1,1,0,20.0,5.0,5.0,10.0,10.0,100.0,32,August,2022,Q3
2022-08-10,south_wales,large,1,0,1,100.0,20.0,30.0,50.0,50.0,100.0,32,August,2022,Q3
2022-08-10,south_wales,small,1,1,0,20.0,5.0,5.0,10.0,10.0,100.0,32,August,2022,Q3
2022-08-11,greater_london,small,2,1,0,40.0,5.0,5.0,10.0,30.0,300.0,32,August,2022,Q3
2022-08-11,south_east,small,1,1,0,20.0,5.0,5.0,10.0,10.0,100.0,32,August,2022,Q3
2022-08-11,south_wales,small,1,1,0,20.0,5.0,5.0,10.0,10.0,100.0,32,August,2022,Q3
2022-08-11,south_west,large,1,0,1,100.0,20.0,30.0,50.0,50.0,100.0,32,August,2022,Q3
2022-08-11,south_west,small,1,1,0,20.0,5.0,5.0,10.0,10.0,100.0,32,August,2022,Q3
2022-08-11,west_midlands,small,1,1,0,20.0,5.0,5.0,10.0,10.0,100.0,32,August,2022,Q3
2022-08-12,east_midlands,large,1,0,1,100.0,20.0,30.0,50.0,50.0,100.0,32,August,2022,Q3
2022-08-12,east_midlands,small,1,1,0,20.0,5.0,5.0,10.0,10.0,100.0,32,August,2022,Q3
2022-08-12,greater_london,small,2,1,0,40.0,5.0,5.0,10.0,30.0,300.0,32,August,2022,Q3
2022-08-12,south_east,small,1,1,0,20.0,5.0,5.0,10.0,10.0,100.0,32,August,2022,Q3
2022-08-13,greater_london,small,2,1,0,40.0,5.0,5.0,10.0,30.0,300.0,32,August,2022,Q3
2022-08-13,south_east,large,1,0,1,100.0,20.0,30.0,50.0,50.0,100.0,32,August,2022,Q3
2022-08-13,south_east,small,2,2,0,40.0,10.0,10.0,20.0,20.0,100.0,32,August,2022,Q3
2022-08-13,south_wales,large,1,0,1,100.0,20.0,30.0,50.0,50.0,100.0,32,August,2022,Q3
2022-08-14,greater_london,large,1,0,1,100.0,20.0,30.0,50.0,50.0,100.0,32,August,2022,Q3
2022-08-14,greater_london,small,1,1,0,20.0,5.0,5.0,10.0,10.0,100.0,32,August,2022,Q3
2022-08-14,north_east,small,1,1,0,20.0,5.0,5.0,10.0,10.0,100.0,32,August,2022,Q3
2022-08-14,south_east,small,1,1,0,20.0,5.0,5.0,10.0,10.0,100.0,32,August,2022,Q3
2022-08-14,south_west,small,2,2,0,40.0,10.0,10.0,20.0,20.0,100.0,32,August,2022,Q3
2022-08-15,north_east,small,1,1,0,20.0,5.0,5.0,10.0,10.0,100.0,33,August,2022,Q3
2022-08-15,south_east,small,2,2,0,40.0,10.0,10.0,20.0,20.0,100.0,33,August,2022,Q3
2022-08-15,south_west,large,2,0,2,200.0,40.0,60.0,100.0,100.0,100.0,33,August,2022,Q3
2022-08-15,west_midlands,small,2,2,0,40.0,10.0,10.0,20.0,20.0,100.0,33,August,2022,Q3
2022-08-16,greater_london,small,1,1,0,20.0,5.0,5.0,10.0,10.0,100.0,33,August,2022,Q3
2022-08-16,south_east,large,1,0,1,100.0,20.0,30.0,50.0,50.0,100.0,33,August,2022,Q3
2022-08-16,south_east,small,1,1,0,20.0,5.0,5.0,10.0,10.0,100.0,33,August,2022,Q3
2022-08-17,greater_london,large,1,0,0,100.0,0.0,0.0,0.0,100.0,inf,33,August,2022,Q3
2022-08-17,greater_london,small,3,1,0,60.0,5.0,5.0,10.0,50.0,500.0,33,August,2022,Q3
2022-08-17,north_east,small,1,1,0,20.0,5.0,5.0,10.0,10.0,100.0,33,August,2022,Q3
2022-08-17,south_east,small,1,1,0,20.0,5.0,5.0,10.0,10.0,100.0,33,August,2022,Q3
2022-08-17,south_west,small,1,1,0,20.0,5.0,5.0,10.0,10.0,100.0,33,August,2022,Q3
2022-08-18,east_midlands,small,1,1,0,20.0,5.0,5.0,10.0,10.0,100.0,33,August,2022,Q3
2022-08-18,greater_london,small,1,1,0,20.0,5.0,5.0,10.0,10.0,100.0,33,August,2022,Q3
2022-08-18,south_east,small,1,1,0,20.0,5.0,5.0,10.0,10.0,100.0,33,August,2022,Q3
2022-08-18,south_west,small,1,1,0,20.0,5.0,5.0,10.0,10.0,100.0,33,August,2022,Q3
2022-08-19,east_midlands,large,1,0,1,100.0,20.0,30.0,50.0,50.0,100.0,33,August,2022,Q3
2022-08-19,east_midlands,small,1,1,0,20.0,5.0,5.0,10.0,10.0,100.0,33,August,2022,Q3
2022-08-19,greater_london,small,1,1,0,20.0,5.0,5.0,10.0,10.0,100.0,33,August,2022,Q3
2022-08-19,north_wales,large,1,0,1,100.0,20.0,30.0,50.0,50.0,100.0,33,August,2022,Q3
2022-08-19,south_east,small,4,0,1,80.0,20.0,30.0,50.0,30.0,60.0,33,August,2022,Q3
2022-08-20,greater_london,small,2,1,0,40.0,5.0,5.0,10.0,30.0,300.0,33,August,2022,Q3
2022-08-20,south_wales,large,1,0,1,100.0,20.0,30.0,50.0,50.0,100.0,33,August,2022,Q3
2022-08-20,south_wales,small,1,1,0,20.0,5.0,5.0,10.0,10.0,100.0,33,August,2022,Q3
2022-08-20,south_west,small,3,0,1,60.0,20.0,30.0,50.0,10.0,20.0,33,August,2022,Q3
2022-08-21,greater_london,small,1,1,0,20.0,5.0,5.0,10.0,10.0,100.0,33,August,2022,Q3
2022-08-21,south_east,large,1,0,1,100.0,20.0,30.0,50.0,50.0,100.0,33,August,2022,Q3
2022-08-21,south_east,small,1,1,0,20.0,5.0,5.0,10.0,10.0,100.0,33,August,2022,Q3
2022-08-21,south_west,large,1,0,1,100.0,20.0,30.0,50.0,50.0,100.0,33,August,2022,Q3
2022-08-21,west_midlands,large,1,0,1,100.0,20.0,30.0,50.0,50.0,100.0,33,August,2022,Q3
2022-08-22,greater_london,small,1,1,0,20.0,5.0,5.0,10.0,10.0,100.0,34,August,2022,Q3
2022-08-22,north_east,small,1,1,0,20.0,5.0,5.0,10.0,10.0,100.0,34,August,2022,Q3
2022-08-22,south_east,large,1,0,1,100.0,20.0,30.0,50.0,50.0,100.0,34,August,2022,Q3
2022-08-22,south_wales,small,1,1,0,20.0,5.0,5.0,10.0,10.0,100.0,34,August,2022,Q3
2022-08-22,west_midlands,small,1,1,0,20.0,5.0,5.0,10.0,10.0,100.0,34,August,2022,Q3
2022-08-23,east_midlands,small,2,2,0,40.0,10.0,10.0,20.0,20.0,100.0,34,August,2022,Q3
2022-08-23,greater_london,small,3,1,0,60.0,5.0,5.0,10.0,50.0,500.0,34,August,2022,Q3
2022-08-23,north_east,small,1,1,0,20.0,5.0,5.0,10.0,10.0,100.0,34,August,2022,Q3
2022-08-23,south_east,large,1,0,1,100.0,20.0,30.0,50.0,50.0,100.0,34,August,2022,Q3
2022-08-23,south_wales,large,1,0,1,100.0,20.0,30.0,50.0,50.0,100.0,34,August,2022,Q3
2022-08-23,south_west,large,1,0,1,100.0,20.0,30.0,50.0,50.0,100.0,34,August,2022,Q3
2022-08-24,greater_london,small,1,1,0,20.0,5.0,5.0,10.0,10.0,100.0,34,August,2022,Q3
2022-08-24,south_east,small,1,1,0,20.0,5.0,5.0,10.0,10.0,100.0,34,August,2022,Q3
2022-08-24,south_wales,small,1,1,0,20.0,5.0,5.0,10.0,10.0,100.0,34,August,2022,Q3
2022-08-24,west_midlands,small,1,1,0,20.0,5.0,5.0,10.0,10.0,100.0,34,August,2022,Q3
2022-08-25,greater_london,small,3,1,0,60.0,5.0,5.0,10.0,50.0,500.0,34,August,2022,Q3
2022-08-25,south_east,small,3,0,1,60.0,20.0,30.0,50.0,10.0,20.0,34,August,2022,Q3
2022-08-25,south_west,small,1,1,0,20.0,5.0,5.0,10.0,10.0,100.0,34,August,2022,Q3
2022-08-26,greater_london,large,2,0,2,200.0,40.0,60.0,100.0,100.0,100.0,34,August,2022,Q3
2022-08-26,greater_london,small,1,1,0,20.0,5.0,5.0,10.0,10.0,100.0,34,August,2022,Q3
2022-08-26,north_east,small,1,1,0,20.0,5.0,5.0,10.0,10.0,100.0,34,August,2022,Q3
2022-08-26,south_east,small,2,2,0,40.0,10.0,10.0,20.0,20.0,100.0,34,August,2022,Q3
2022-08-26,south_wales,large,1,0,1,100.0,20.0,30.0,50.0,50.0,100.0,34,August,2022,Q3
2022-08-26,west_midlands,small,1,1,0,20.0,5.0,5.0,10.0,10.0,100.0,34,August,2022,Q3
2022-08-27,east_midlands,small,1,1,0,20.0,5.0,5.0,10.0,10.0,100.0,34,August,2022,Q3
2022-08-27,south_wales,small,1,1,0,20.0,5.0,5.0,10.0,10.0,100.0,34,August,2022,Q3
2022-08-27,south_west,small,2,2,0,40.0,10.0,10.0,20.0,20.0,100.0,34,August,2022,Q3
2022-08-27,west_midlands,small,1,1,0,20.0,5.0,5.0,10.0,10.0,100.0,34,August,2022,Q3
2022-08-28,greater_london,large,1,0,1,100.0,20.0,30.0,50.0,50.0,100.0,34,August,2022,Q3
2022-08-28,greater_london,small,1,1,0,20.0,5.0,5.0,10.0,10.0,100.0,34,August,2022,Q3
2022-08-28,south_east,small,2,2,0,40.0,10.0,10.0,20.0,20.0,100.0,34,August,2022,Q3
2022-08-28,south_west,large,1,0,1,100.0,20.0,30.0,50.0,50.0,100.0,34,August,2022,Q3
2022-08-28,south_west,small,1,1,0,20.0,5.0,5.0,10.0,10.0,100.0,34,August,2022,Q3
2022-08-29,east_midlands,large,1,0,1,100.0,20.0,30.0,50.0,50.0,100.0,35,August,2022,Q3
2022-08-29,east_midlands,small,1,1,0,20.0,5.0,5.0,10.0,10.0,100.0,35,August,2022,Q3
2022-08-29,greater_london,small,1,1,0,20.0,5.0,5.0,10.0,10.0,100.0,35,August,2022,Q3
2022-08-29,north_wales,small,1,1,0,20.0,5.0,5.0,10.0,10.0,100.0,35,August,2022,Q3
2022-08-29,south_wales,large,1,0,1,100.0,20.0,30.0,50.0,50.0,100.0,35,August,2022,Q3
2022-08-30,greater_london,small,3,1,0,60.0,5.0,5.0,10.0,50.0,500.0,35,August,2022,Q3
2022-08-30,north_east,large,1,0,1,100.0,20.0,30.0,50.0,50.0,100.0,35,August,2022,Q3
2022-08-30,south_east,large,1,0,1,100.0,20.0,30.0,50.0,50.0,100.0,35,August,2022,Q3
2022-08-30,south_east,small,1,1,0,20.0,5.0,5.0,10.0,10.0,100.0,35,August,2022,Q3
2022-08-30,south_west,large,1,0,1,100.0,20.0,30.0,50.0,50.0,100.0,35,August,2022,Q3
2022-08-30,south_west,small,1,1,0,20.0,5.0,5.0,10.0,10.0,100.0,35,August,2022,Q3
2022-08-31,east_midlands,small,1,1,0,20.0,5.0,5.0,10.0,10.0,100.0,35,August,2022,Q3
2022-08-31,greater_london,small,1,1,0,20.0,5.0,5.0,10.0,10.0,100.0,35,August,2022,Q3
2022-08-31,south_east,small,1,1,0,20.0,5.0,5.0,10.0,10.0,100.0,35,August,2022,Q3
2022-08-31,south_west,large,1,0,1,100.0,20.0,30.0,50.0,50.0,100.0,35,August,2022,Q3
2022-08-31,south_west,small,2,2,0,40.0,10.0,10.0,20.0,20.0,100.0,35,August,2022,Q3
2022-09-01,east_midlands,small,1,1,0,20.0,5.0,5.0,10.0,10.0,100.0,35,September,2022,Q3
2022-09-01,greater_london,small,2,1,0,40.0,5.0,5.0,10.0,30.0,300.0,35,September,2022,Q3
2022-09-02,greater_london,small,1,1,0,20.0,5.0,5.0,10.0,10.0,100.0,35,September,2022,Q3
2022-09-03,greater_london,small,1,1,0,20.0,5.0,5.0,10.0,10.0,100.0,35,September,2022,Q3
2022-09-03,south_east,small,1,1,0,20.0,5.0,5.0,10.0,10.0,100.0,35,September,2022,Q3
2022-09-03,south_west,small,1,1,0,20.0,5.0,5.0,10.0,10.0,100.0,35,September,2022,Q3
2022-09-04,greater_london,small,2,1,0,40.0,5.0,5.0,10.0,30.0,300.0,35,September,2022,Q3
2022-09-05,greater_london,small,1,1,0,20.0,5.0,5.0,10.0,10.0,100.0,36,September,2022,Q3
2022-09-05,south_east,large,2,0,2,200.0,40.0,60.0,100.0,100.0,100.0,36,September,2022,Q3
2022-09-05,south_east,small,2,2,0,40.0,10.0,10.0,20.0,20.0,100.0,36,September,2022,Q3
2022-09-05,south_west,small,1,1,0,20.0,5.0,5.0,10.0,10.0,100.0,36,September,2022,Q3
2022-09-06,greater_london,small,1,1,0,20.0,5.0,5.0,10.0,10.0,100.0,36,September,2022,Q3
2022-09-06,west_midlands,small,1,1,0,20.0,5.0,5.0,10.0,10.0,100.0,36,September,2022,Q3
2022-09-07,greater_london,large,1,0,1,100.0,20.0,30.0,50.0,50.0,100.0,36,September,2022,Q3
2022-09-07,greater_london,small,2,1,0,40.0,5.0,5.0,10.0,30.0,300.0,36,September,2022,Q3
2022-09-08,greater_london,small,2,1,0,40.0,5.0,5.0,10.0,30.0,300.0,36,September,2022,Q3
2022-09-08,south_east,small,1,1,0,20.0,5.0,5.0,10.0,10.0,100.0,36,September,2022,Q3
2022-09-09,east_midlands,small,1,1,0,20.0,5.0,5.0,10.0,10.0,100.0,36,September,2022,Q3
2022-09-09,south_west,small,1,1,0,20.0,5.0,5.0,10.0,10.0,100.0,36,September,2022,Q3
2022-09-10,south_east,small,1,1,0,20.0,5.0,5.0,10.0,10.0,100.0,36,September,2022,Q3
2022-09-11,east_midlands,small,1,1,0,20.0,5.0,5.0,10.0,10.0,100.0,36,September,2022,Q3
2022-09-11,south_east,large,1,0,1,100.0,20.0,30.0,50.0,50.0,100.0,36,September,2022,Q3
2022-09-11,south_west,large,1,0,1,100.0,20.0,30.0,50.0,50.0,100.0,36,September,2022,Q3
2022-09-11,south_west,small,1,1,0,20.0,5.0,5.0,10.0,10.0,100.0,36,September,2022,Q3
2022-09-11,west_midlands,large,1,0,1,100.0,20.0,30.0,50.0,50.0,100.0,36,September,2022,Q3
2022-09-12,east_midlands,small,1,1,0,20.0,5.0,5.0,10.0,10.0,100.0,37,September,2022,Q3
2022-09-12,south_east,small,2,2,0,40.0,10.0,10.0,20.0,20.0,100.0,37,September,2022,Q3
2022-09-13,north_east,small,1,1,0,20.0,5.0,5.0,10.0,10.0,100.0,37,September,2022,Q3
2022-09-13,south_east,small,2,2,0,40.0,10.0,10.0,20.0,20.0,100.0,37,September,2022,Q3
2022-09-14,south_west,small,1,1,0,20.0,5.0,5.0,10.0,10.0,100.0,37,September,2022,Q3
2022-09-15,greater_london,small,1,1,0,20.0,5.0,5.0,10.0,10.0,100.0,37,September,2022,Q3
2022-09-15,south_east,small,1,1,0,20.0,5.0,5.0,10.0,10.0,100.0,37,September,2022,Q3
2022-09-16,east_midlands,small,1,1,0,20.0,5.0,5.0,10.0,10.0,100.0,37,September,2022,Q3
2022-09-16,west_midlands,large,1,0,1,100.0,20.0,30.0,50.0,50.0,100.0,37,September,2022,Q3
2022-09-17,greater_london,small,1,1,0,20.0,5.0,5.0,10.0,10.0,100.0,37,September,2022,Q3
2022-09-17,south_east,small,1,1,0,20.0,5.0,5.0,10.0,10.0,100.0,37,September,2022,Q3
2022-09-17,south_wales,small,1,1,0,20.0,5.0,5.0,10.0,10.0,100.0,37,September,2022,Q3
2022-09-18,south_east,large,1,0,1,100.0,20.0,30.0,50.0,50.0,100.0,37,September,2022,Q3
2022-09-18,south_east,small,1,1,0,20.0,5.0,5.0,10.0,10.0,100.0,37,September,2022,Q3
2022-09-18,south_west,small,2,2,0,40.0,10.0,10.0,20.0,20.0,100.0,37,September,2022,Q3
2022-09-19,east_midlands,large,1,0,1,100.0,20.0,30.0,50.0,50.0,100.0,38,September,2022,Q3
2022-09-19,east_midlands,small,1,1,0,20.0,5.0,5.0,10.0,10.0,100.0,38,September,2022,Q3
2022-09-19,greater_london,large,1,0,1,100.0,20.0,30.0,50.0,50.0,100.0,38,September,2022,Q3
2022-09-19,south_east,small,1,1,0,20.0,5.0,5.0,10.0,10.0,100.0,38,September,2022,Q3
2022-09-19,south_west,small,1,1,0,20.0,5.0,5.0,10.0,10.0,100.0,38,September,2022,Q3
2022-09-20,greater_london,small,1,1,0,20.0,5.0,5.0,10.0,10.0,100.0,38,September,2022,Q3
2022-09-20,south_east,small,1,1,0,20.0,5.0,5.0,10.0,10.0,100.0,38,September,2022,Q3
2022-09-20,south_west,small,1,1,0,20.0,5.0,5.0,10.0,10.0,100.0,38,September,2022,Q3
2022-09-20,west_midlands,small,1,1,0,20.0,5.0,5.0,10.0,10.0,100.0,38,September,2022,Q3
2022-09-21,north_east,small,1,1,0,20.0,5.0,5.0,10.0,10.0,100.0,38,September,2022,Q3
2022-09-22,east_midlands,small,1,1,0,20.0,5.0,5.0,10.0,10.0,100.0,38,September,2022,Q3
2022-09-22,greater_london,large,1,0,1,100.0,20.0,30.0,50.0,50.0,100.0,38,September,2022,Q3
2022-09-22,south_west,large,1,0,1,100.0,20.0,30.0,50.0,50.0,100.0,38,September,2022,Q3
2022-09-23,greater_london,small,1,1,0,20.0,5.0,5.0,10.0,10.0,100.0,38,September,2022,Q3
2022-09-23,south_wales,small,1,1,0,20.0,5.0,5.0,10.0,10.0,100.0,38,September,2022,Q3
2022-09-23,south_west,small,1,1,0,20.0,5.0,5.0,10.0,10.0,100.0,38,September,2022,Q3
2022-09-24,greater_london,small,1,1,0,20.0,5.0,5.0,10.0,10.0,100.0,38,September,2022,Q3
2022-09-24,south_east,small,1,1,0,20.0,5.0,5.0,10.0,10.0,100.0,38,September,2022,Q3
2022-09-25,greater_london,large,1,0,1,100.0,20.0,30.0,50.0,50.0,100.0,38,September,2022,Q3
2022-09-25,south_west,small,1,1,0,20.0,5.0,5.0,10.0,10.0,100.0,38,September,2022,Q3
2022-09-26,greater_london,small,1,1,0,20.0,5.0,5.0,10.0,10.0,100.0,39,September,2022,Q3
2022-09-26,south_east,large,1,0,1,100.0,20.0,30.0,50.0,50.0,100.0,39,September,2022,Q3
2022-09-27,east_midlands,small,1,1,0,20.0,5.0,5.0,10.0,10.0,100.0,39,September,2022,Q3
2022-09-27,south_west,small,1,1,0,20.0,5.0,5.0,10.0,10.0,100.0,39,September,2022,Q3
2022-09-28,greater_london,large,1,0,1,100.0,20.0,30.0,50.0,50.0,100.0,39,September,2022,Q3
2022-09-28,greater_london,small,1,1,0,20.0,5.0,5.0,10.0,10.0,100.0,39,September,2022,Q3
2022-09-28,south_east,small,1,1,0,20.0,5.0,5.0,10.0,10.0,100.0,39,September,2022,Q3
2022-09-28,south_west,small,1,1,0,20.0,5.0,5.0,10.0,10.0,100.0,39,September,2022,Q3
2022-09-29,greater_london,small,1,1,0,20.0,5.0,5.0,10.0,10.0,100.0,39,September,2022,Q3
2022-09-29,south_east,large,2,0,2,200.0,40.0,60.0,100.0,100.0,100.0,39,September,2022,Q3
2022-09-30,greater_london,small,2,1,0,40.0,5.0,5.0,10.0,30.0,300.0,39,September,2022,Q3
2022-10-01,east_midlands,large,1,0,1,100.0,20.0,30.0,50.0,50.0,100.0,39,October,2022,Q4
2022-10-01,south_east,small,1,1,0,20.0,5.0,5.0,10.0,10.0,100.0,39,October,2022,Q4
2022-10-02,greater_london,small,1,1,0,20.0,5.0,5.0,10.0,10.0,100.0,39,October,2022,Q4
2022-10-02,south_east,large,1,0,1,100.0,20.0,30.0,50.0,50.0,100.0,39,October,2022,Q4
2022-10-02,south_east,small,1,1,0,20.0,5.0,5.0,10.0,10.0,100.0,39,October,2022,Q4
2022-10-03,greater_london,small,1,1,0,20.0,5.0,5.0,10.0,10.0,100.0,40,October,2022,Q4
2022-10-03,south_east,small,1,1,0,20.0,5.0,5.0,10.0,10.0,100.0,40,October,2022,Q4
2022-10-03,south_wales,small,1,1,0,20.0,5.0,5.0,10.0,10.0,100.0,40,October,2022,Q4
2022-10-04,greater_london,large,1,0,1,100.0,20.0,30.0,50.0,50.0,100.0,40,October,2022,Q4
2022-10-04,south_east,large,1,0,1,100.0,20.0,30.0,50.0,50.0,100.0,40,October,2022,Q4
2022-10-04,south_wales,small,1,1,0,20.0,5.0,5.0,10.0,10.0,100.0,40,October,2022,Q4
2022-10-04,south_west,small,1,1,0,20.0,5.0,5.0,10.0,10.0,100.0,40,October,2022,Q4
2022-10-05,greater_london,large,2,0,2,200.0,40.0,60.0,100.0,100.0,100.0,40,October,2022,Q4
2022-10-05,south_east,large,2,0,2,200.0,40.0,60.0,100.0,100.0,100.0,40,October,2022,Q4
2022-10-05,south_wales,large,1,0,1,100.0,20.0,30.0,50.0,50.0,100.0,40,October,2022,Q4
2022-10-06,south_east,small,1,1,0,20.0,5.0,5.0,10.0,10.0,100.0,40,October,2022,Q4
2022-10-07,east_midlands,small,1,1,0,20.0,5.0,5.0,10.0,10.0,100.0,40,October,2022,Q4
2022-10-07,greater_london,small,2,1,0,40.0,5.0,5.0,10.0,30.0,300.0,40,October,2022,Q4
2022-10-07,south_east,small,1,1,0,20.0,5.0,5.0,10.0,10.0,100.0,40,October,2022,Q4
2022-10-07,south_wales,small,1,1,0,20.0,5.0,5.0,10.0,10.0,100.0,40,October,2022,Q4
2022-10-07,south_west,small,2,2,0,40.0,10.0,10.0,20.0,20.0,100.0,40,October,2022,Q4
2022-10-08,east_midlands,small,1,1,0,20.0,5.0,5.0,10.0,10.0,100.0,40,October,2022,Q4
2022-10-08,greater_london,small,2,1,0,40.0,5.0,5.0,10.0,30.0,300.0,40,October,2022,Q4
2022-10-08,south_east,small,1,1,0,20.0,5.0,5.0,10.0,10.0,100.0,40,October,2022,Q4
2022-10-09,north_east,small,1,1,0,20.0,5.0,5.0,10.0,10.0,100.0,40,October,2022,Q4
2022-10-09,north_wales,small,1,1,0,20.0,5.0,5.0,10.0,10.0,100.0,40,October,2022,Q4
2022-10-09,south_east,small,1,1,0,20.0,5.0,5.0,10.0,10.0,100.0,40,October,2022,Q4
2022-10-10,greater_london,small,3,1,0,60.0,5.0,5.0,10.0,50.0,500.0,41,October,2022,Q4
2022-10-10,south_west,small,1,1,0,20.0,5.0,5.0,10.0,10.0,100.0,41,October,2022,Q4
2022-10-11,south_east,small,3,0,1,60.0,20.0,30.0,50.0,10.0,20.0,41,October,2022,Q4
2022-10-12,greater_london,small,1,1,0,20.0,5.0,5.0,10.0,10.0,100.0,41,October,2022,Q4
2022-10-12,south_east,large,1,0,1,100.0,20.0,30.0,50.0,50.0,100.0,41,October,2022,Q4
2022-10-12,south_wales,small,1,1,0,20.0,5.0,5.0,10.0,10.0,100.0,41,October,2022,Q4
2022-10-13,east_midlands,small,1,1,0,20.0,5.0,5.0,10.0,10.0,100.0,41,October,2022,Q4
2022-10-13,greater_london,small,1,1,0,20.0,5.0,5.0,10.0,10.0,100.0,41,October,2022,Q4
2022-10-13,south_east,small,1,1,0,20.0,5.0,5.0,10.0,10.0,100.0,41,October,2022,Q4
2022-10-13,south_west,small,1,1,0,20.0,5.0,5.0,10.0,10.0,100.0,41,October,2022,Q4
2022-10-14,east_midlands,small,1,1,0,20.0,5.0,5.0,10.0,10.0,100.0,41,October,2022,Q4
2022-10-14,south_east,large,1,0,1,100.0,20.0,30.0,50.0,50.0,100.0,41,October,2022,Q4
2022-10-14,south_east,small,1,1,0,20.0,5.0,5.0,10.0,10.0,100.0,41,October,2022,Q4
2022-10-15,greater_london,small,2,1,0,40.0,5.0,5.0,10.0,30.0,300.0,41,October,2022,Q4
2022-10-15,north_wales,large,1,0,1,100.0,20.0,30.0,50.0,50.0,100.0,41,October,2022,Q4
2022-10-15,south_west,small,1,1,0,20.0,5.0,5.0,10.0,10.0,100.0,41,October,2022,Q4
2022-10-16,greater_london,large,1,0,0,100.0,0.0,0.0,0.0,100.0,inf,41,October,2022,Q4
2022-10-16,greater_london,small,3,1,0,60.0,5.0,5.0,10.0,50.0,500.0,41,October,2022,Q4
2022-10-16,south_west,small,2,2,0,40.0,10.0,10.0,20.0,20.0,100.0,41,October,2022,Q4
2022-10-17,east_midlands,small,1,1,0,20.0,5.0,5.0,10.0,10.0,100.0,42,October,2022,Q4
2022-10-17,greater_london,small,1,1,0,20.0,5.0,5.0,10.0,10.0,100.0,42,October,2022,Q4
2022-10-17,south_east,large,1,0,1,100.0,20.0,30.0,50.0,50.0,100.0,42,October,2022,Q4
2022-10-17,south_west,small,1,1,0,20.0,5.0,5.0,10.0,10.0,100.0,42,October,2022,Q4
2022-10-18,east_midlands,small,1,1,0,20.0,5.0,5.0,10.0,10.0,100.0,42,October,2022,Q4
2022-10-18,south_east,small,1,1,0,20.0,5.0,5.0,10.0,10.0,100.0,42,October,2022,Q4
2022-10-18,south_west,small,1,1,0,20.0,5.0,5.0,10.0,10.0,100.0,42,October,2022,Q4
2022-10-19,greater_london,large,1,0,1,100.0,20.0,30.0,50.0,50.0,100.0,42,October,2022,Q4
2022-10-19,greater_london,small,1,1,0,20.0,5.0,5.0,10.0,10.0,100.0,42,October,2022,Q4
2022-10-19,south_east,large,1,0,1,100.0,20.0,30.0,50.0,50.0,100.0,42,October,2022,Q4
2022-10-20,south_east,small,1,1,0,20.0,5.0,5.0,10.0,10.0,100.0,42,October,2022,Q4
2022-10-20,south_wales,small,1,1,0,20.0,5.0,5.0,10.0,10.0,100.0,42,October,2022,Q4
2022-10-21,east_midlands,small,1,1,0,20.0,5.0,5.0,10.0,10.0,100.0,42,October,2022,Q4
2022-10-21,greater_london,large,1,0,1,100.0,20.0,30.0,50.0,50.0,100.0,42,October,2022,Q4
2022-10-21,greater_london,small,1,1,0,20.0,5.0,5.0,10.0,10.0,100.0,42,October,2022,Q4
2022-10-21,south_west,small,1,1,0,20.0,5.0,5.0,10.0,10.0,100.0,42,October,2022,Q4
2022-10-22,south_east,small,1,1,0,20.0,5.0,5.0,10.0,10.0,100.0,42,October,2022,Q4
2022-10-23,greater_london,small,2,1,0,40.0,5.0,5.0,10.0,30.0,300.0,42,October,2022,Q4
2022-10-24,east_midlands,small,1,1,0,20.0,5.0,5.0,10.0,10.0,100.0,43,October,2022,Q4
2022-10-24,south_east,small,1,1,0,20.0,5.0,5.0,10.0,10.0,100.0,43,October,2022,Q4
2022-10-24,west_midlands,small,1,1,0,20.0,5.0,5.0,10.0,10.0,100.0,43,October,2022,Q4
2022-10-25,greater_london,large,1,0,1,100.0,20.0,30.0,50.0,50.0,100.0,43,October,2022,Q4
2022-10-25,greater_london,small,1,1,0,20.0,5.0,5.0,10.0,10.0,100.0,43,October,2022,Q4
2022-10-25,north_east,large,1,0,1,100.0,20.0,30.0,50.0,50.0,100.0,43,October,2022,Q4
2022-10-25,south_east,small,1,1,0,20.0,5.0,5.0,10.0,10.0,100.0,43,October,2022,Q4
2022-10-26,north_east,large,1,0,1,100.0,20.0,30.0,50.0,50.0,100.0,43,October,2022,Q4
2022-10-26,north_wales,large,1,0,1,100.0,20.0,30.0,50.0,50.0,100.0,43,October,2022,Q4
2022-10-27,south_east,large,1,0,1,100.0,20.0,30.0,50.0,50.0,100.0,43,October,2022,Q4
2022-10-27,south_west,small,1,1,0,20.0,5.0,5.0,10.0,10.0,100.0,43,October,2022,Q4
2022-10-28,greater_london,large,1,0,1,100.0,20.0,30.0,50.0,50.0,100.0,43,October,2022,Q4
2022-10-28,greater_london,small,1,1,0,20.0,5.0,5.0,10.0,10.0,100.0,43,October,2022,Q4
2022-10-28,south_west,large,1,0,1,100.0,20.0,30.0,50.0,50.0,100.0,43,October,2022,Q4
2022-10-28,west_midlands,small,1,1,0,20.0,5.0,5.0,10.0,10.0,100.0,43,October,2022,Q4
2022-10-29,greater_london,small,2,1,0,40.0,5.0,5.0,10.0,30.0,300.0,43,October,2022,Q4
2022-10-29,south_west,large,1,0,1,100.0,20.0,30.0,50.0,50.0,100.0,43,October,2022,Q4
2022-10-30,greater_london,small,1,1,0,20.0,5.0,5.0,10.0,10.0,100.0,43,October,2022,Q4
2022-10-30,north_wales,small,1,1,0,20.0,5.0,5.0,10.0,10.0,100.0,43,October,2022,Q4
2022-10-30,south_east,small,1,1,0,20.0,5.0,5.0,10.0,10.0,100.0,43,October,2022,Q4
2022-10-31,east_midlands,large,1,0,1,100.0,20.0,30.0,50.0,50.0,100.0,44,October,2022,Q4
2022-10-31,east_midlands,small,1,1,0,20.0,5.0,5.0,10.0,10.0,100.0,44,October,2022,Q4
2022-10-31,greater_london,small,2,1,0,40.0,5.0,5.0,10.0,30.0,300.0,44,October,2022,Q4
2022-10-31,north_east,large,1,0,1,100.0,20.0,30.0,50.0,50.0,100.0,44,October,2022,Q4
2022-11-01,east_midlands,small,1,1,0,20.0,5.0,5.0,10.0,10.0,100.0,44,November,2022,Q4
2022-11-01,greater_london,large,2,0,2,200.0,40.0,60.0,100.0,100.0,100.0,44,November,2022,Q4
2022-11-01,south_east,large,1,0,1,100.0,20.0,30.0,50.0,50.0,100.0,44,November,2022,Q4
2022-11-02,north_east,small,1,1,0,20.0,5.0,5.0,10.0,10.0,100.0,44,November,2022,Q4
2022-11-02,north_wales,small,1,1,0,20.0,5.0,5.0,10.0,10.0,100.0,44,November,2022,Q4
2022-11-02,south_east,large,1,0,1,100.0,20.0,30.0,50.0,50.0,100.0,44,November,2022,Q4
2022-11-02,south_east,small,2,2,0,40.0,10.0,10.0,20.0,20.0,100.0,44,November,2022,Q4
2022-11-03,east_midlands,small,1,1,0,20.0,5.0,5.0,10.0,10.0,100.0,44,November,2022,Q4
2022-11-03,north_east,small,1,1,0,20.0,5.0,5.0,10.0,10.0,100.0,44,November,2022,Q4
2022-11-04,greater_london,small,2,1,0,40.0,5.0,5.0,10.0,30.0,300.0,44,November,2022,Q4
2022-11-04,south_east,small,1,1,0,20.0,5.0,5.0,10.0,10.0,100.0,44,November,2022,Q4
2022-11-05,south_wales,small,1,1,0,20.0,5.0,5.0,10.0,10.0,100.0,44,November,2022,Q4
2022-11-05,south_west,small,1,1,0,20.0,5.0,5.0,10.0,10.0,100.0,44,November,2022,Q4
2022-11-06,east_midlands,large,1,0,1,100.0,20.0,30.0,50.0,50.0,100.0,44,November,2022,Q4
2022-11-06,north_east,large,1,0,1,100.0,20.0,30.0,50.0,50.0,100.0,44,November,2022,Q4
2022-11-06,south_east,small,2,2,0,40.0,10.0,10.0,20.0,20.0,100.0,44,November,2022,Q4
2022-11-07,greater_london,small,2,1,0,40.0,5.0,5.0,10.0,30.0,300.0,45,November,2022,Q4
2022-11-07,north_wales,small,1,1,0,20.0,5.0,5.0,10.0,10.0,100.0,45,November,2022,Q4
2022-11-08,greater_london,small,1,1,0,20.0,5.0,5.0,10.0,10.0,100.0,45,November,2022,Q4
2022-11-08,south_wales,large,1,0,1,100.0,20.0,30.0,50.0,50.0,100.0,45,November,2022,Q4
2022-11-09,greater_london,small,3,1,0,60.0,5.0,5.0,10.0,50.0,500.0,45,November,2022,Q4
2022-11-09,south_east,large,1,0,1,100.0,20.0,30.0,50.0,50.0,100.0,45,November,2022,Q4
2022-11-09,south_wales,large,1,0,1,100.0,20.0,30.0,50.0,50.0,100.0,45,November,2022,Q4
2022-11-10,greater_london,small,1,1,0,20.0,5.0,5.0,10.0,10.0,100.0,45,November,2022,Q4
2022-11-10,south_east,small,1,1,0,20.0,5.0,5.0,10.0,10.0,100.0,45,November,2022,Q4
2022-11-11,greater_london,small,1,1,0,20.0,5.0,5.0,10.0,10.0,100.0,45,November,2022,Q4
2022-11-11,west_midlands,large,1,0,1,100.0,20.0,30.0,50.0,50.0,100.0,45,November,2022,Q4
2022-11-12,greater_london,large,1,0,1,100.0,20.0,30.0,50.0,50.0,100.0,45,November,2022,Q4
2022-11-12,south_east,large,1,0,1,100.0,20.0,30.0,50.0,50.0,100.0,45,November,2022,Q4
2022-11-12,south_east,small,1,1,0,20.0,5.0,5.0,10.0,10.0,100.0,45,November,2022,Q4
2022-11-12,south_wales,large,2,0,2,200.0,40.0,60.0,100.0,100.0,100.0,45,November,2022,Q4
2022-11-13,south_wales,large,1,0,1,100.0,20.0,30.0,50.0,50.0,100.0,45,November,2022,Q4
2022-11-13,west_midlands,small,1,1,0,20.0,5.0,5.0,10.0,10.0,100.0,45,November,2022,Q4
2022-11-14,east_midlands,large,1,0,1,100.0,20.0,30.0,50.0,50.0,100.0,46,November,2022,Q4
2022-11-14,north_wales,large,1,0,1,100.0,20.0,30.0,50.0,50.0,100.0,46,November,2022,Q4
2022-11-15,south_east,small,1,1,0,20.0,5.0,5.0,10.0,10.0,100.0,46,November,2022,Q4
2022-11-15,west_midlands,large,1,0,1,100.0,20.0,30.0,50.0,50.0,100.0,46,November,2022,Q4
2022-11-16,greater_london,large,1,0,1,100.0,20.0,30.0,50.0,50.0,100.0,46,November,2022,Q4
2022-11-16,south_east,large,1,0,1,100.0,20.0,30.0,50.0,50.0,100.0,46,November,2022,Q4
2022-11-16,south_east,small,2,2,0,40.0,10.0,10.0,20.0,20.0,100.0,46,November,2022,Q4
2022-11-16,south_west,large,1,0,1,100.0,20.0,30.0,50.0,50.0,100.0,46,November,2022,Q4
2022-11-17,greater_london,large,1,0,1,100.0,20.0,30.0,50.0,50.0,100.0,46,November,2022,Q4
2022-11-17,greater_london,small,1,1,0,20.0,5.0,5.0,10.0,10.0,100.0,46,November,2022,Q4
2022-11-18,greater_london,small,1,1,0,20.0,5.0,5.0,10.0,10.0,100.0,46,November,2022,Q4
2022-11-18,south_east,small,1,1,0,20.0,5.0,5.0,10.0,10.0,100.0,46,November,2022,Q4
2022-11-19,greater_london,large,1,0,1,100.0,20.0,30.0,50.0,50.0,100.0,46,November,2022,Q4
2022-11-19,greater_london,small,1,1,0,20.0,5.0,5.0,10.0,10.0,100.0,46,November,2022,Q4
2022-11-19,south_wales,small,1,1,0,20.0,5.0,5.0,10.0,10.0,100.0,46,November,2022,Q4
2022-11-20,south_east,small,2,2,0,40.0,10.0,10.0,20.0,20.0,100.0,46,November,2022,Q4
2022-11-20,south_west,small,1,1,0,20.0,5.0,5.0,10.0,10.0,100.0,46,November,2022,Q4
2022-11-21,greater_london,small,1,1,0,20.0,5.0,5.0,10.0,10.0,100.0,47,November,2022,Q4
2022-11-21,south_east,large,1,0,1,100.0,20.0,30.0,50.0,50.0,100.0,47,November,2022,Q4
2022-11-22,east_midlands,small,1,1,0,20.0,5.0,5.0,10.0,10.0,100.0,47,November,2022,Q4
2022-11-22,south_east,small,1,1,0,20.0,5.0,5.0,10.0,10.0,100.0,47,November,2022,Q4
2022-11-22,south_west,small,1,1,0,20.0,5.0,5.0,10.0,10.0,100.0,47,November,2022,Q4
2022-11-23,greater_london,small,2,1,0,40.0,5.0,5.0,10.0,30.0,300.0,47,November,2022,Q4
2022-11-23,north_east,small,1,1,0,20.0,5.0,5.0,10.0,10.0,100.0,47,November,2022,Q4
2022-11-23,south_east,small,1,1,0,20.0,5.0,5.0,10.0,10.0,100.0,47,November,2022,Q4
2022-11-24,east_midlands,small,1,1,0,20.0,5.0,5.0,10.0,10.0,100.0,47,November,2022,Q4
2022-11-24,west_midlands,large,1,0,1,100.0,20.0,30.0,50.0,50.0,100.0,47,November,2022,Q4
2022-11-25,greater_london,small,2,1,0,40.0,5.0,5.0,10.0,30.0,300.0,47,November,2022,Q4
2022-11-25,south_east,small,1,1,0,20.0,5.0,5.0,10.0,10.0,100.0,47,November,2022,Q4
2022-11-26,east_midlands,small,1,1,0,20.0,5.0,5.0,10.0,10.0,100.0,47,November,2022,Q4
2022-11-26,greater_london,large,1,0,1,100.0,20.0,30.0,50.0,50.0,100.0,47,November,2022,Q4
2022-11-27,greater_london,small,3,1,0,60.0,5.0,5.0,10.0,50.0,500.0,47,November,2022,Q4
2022-11-27,south_east,small,2,2,0,40.0,10.0,10.0,20.0,20.0,100.0,47,November,2022,Q4
2022-11-27,south_west,small,1,1,0,20.0,5.0,5.0,10.0,10.0,100.0,47,November,2022,Q4
2022-11-28,south_east,small,2,2,0,40.0,10.0,10.0,20.0,20.0,100.0,48,November,2022,Q4
2022-11-28,south_west,small,1,1,0,20.0,5.0,5.0,10.0,10.0,100.0,48,November,2022,Q4
2022-11-29,greater_london,small,1,1,0,20.0,5.0,5.0,10.0,10.0,100.0,48,November,2022,Q4
2022-11-29,south_east,small,2,2,0,40.0,10.0,10.0,20.0,20.0,100.0,48,November,2022,Q4
2022-11-30,greater_london,small,1,1,0,20.0,5.0,5.0,10.0,10.0,100.0,48,November,2022,Q4
2022-11-30,south_west,small,2,2,0,40.0,10.0,10.0,20.0,20.0,100.0,48,November,2022,Q4
2022-12-01,greater_london,small,1,1,0,20.0,5.0,5.0,10.0,10.0,100.0,48,December,2022,Q4
2022-12-01,south_east,small,1,1,0,20.0,5.0,5.0,10.0,10.0,100.0,48,December,2022,Q4
2022-12-02,greater_london,small,2,1,0,40.0,5.0,5.0,10.0,30.0,300.0,48,December,2022,Q4
2022-12-02,south_west,small,1,1,0,20.0,5.0,5.0,10.0,10.0,100.0,48,December,2022,Q4
2022-12-03,greater_london,small,1,1,0,20.0,5.0,5.0,10.0,10.0,100.0,48,December,2022,Q4
2022-12-04,south_west,large,1,0,1,100.0,20.0,30.0,50.0,50.0,100.0,48,December,2022,Q4
2022-12-05,greater_london,large,1,0,1,100.0,20.0,30.0,50.0,50.0,100.0,49,December,2022,Q4
2022-12-05,greater_london,small,1,1,0,20.0,5.0,5.0,10.0,10.0,100.0,49,December,2022,Q4
2022-12-05,south_east,large,1,0,1,100.0,20.0,30.0,50.0,50.0,100.0,49,December,2022,Q4
2022-12-06,greater_london,small,1,1,0,20.0,5.0,5.0,10.0,10.0,100.0,49,December,2022,Q4
2022-12-07,east_midlands,small,1,1,0,20.0,5.0,5.0,10.0,10.0,100.0,49,December,2022,Q4
2022-12-07,south_west,large,1,0,1,100.0,20.0,30.0,50.0,50.0,100.0,49,December,2022,Q4
2022-12-08,south_east,large,1,0,1,100.0,20.0,30.0,50.0,50.0,100.0,49,December,2022,Q4
2022-12-08,south_east,small,2,2,0,40.0,10.0,10.0,20.0,20.0,100.0,49,December,2022,Q4
2022-12-09,south_east,small,1,1,0,20.0,5.0,5.0,10.0,10.0,100.0,49,December,2022,Q4
2022-12-10,south_east,large,1,0,1,100.0,20.0,30.0,50.0,50.0,100.0,49,December,2022,Q4
2022-12-10,south_west,small,1,1,0,20.0,5.0,5.0,10.0,10.0,100.0,49,December,2022,Q4
2022-12-11,greater_london,large,1,0,1,100.0,20.0,30.0,50.0,50.0,100.0,49,December,2022,Q4
2022-12-11,south_east,small,1,1,0,20.0,5.0,5.0,10.0,10.0,100.0,49,December,2022,Q4
2022-12-12,greater_london,small,1,1,0,20.0,5.0,5.0,10.0,10.0,100.0,50,December,2022,Q4
2022-12-12,south_east,large,1,0,1,100.0,20.0,30.0,50.0,50.0,100.0,50,December,2022,Q4
2022-12-12,south_east,small,1,1,0,20.0,5.0,5.0,10.0,10.0,100.0,50,December,2022,Q4
2022-12-13,north_east,small,1,1,0,20.0,5.0,5.0,10.0,10.0,100.0,50,December,2022,Q4
2022-12-13,south_east,small,1,1,0,20.0,5.0,5.0,10.0,10.0,100.0,50,December,2022,Q4
2022-12-14,north_east,small,1,1,0,20.0,5.0,5.0,10.0,10.0,100.0,50,December,2022,Q4
2022-12-15,east_midlands,large,1,0,1,100.0,20.0,30.0,50.0,50.0,100.0,50,December,2022,Q4
2022-12-15,greater_london,small,2,1,0,40.0,5.0,5.0,10.0,30.0,300.0,50,December,2022,Q4
2022-12-16,south_east,small,1,1,0,20.0,5.0,5.0,10.0,10.0,100.0,50,December,2022,Q4
2022-12-17,greater_london,small,1,1,0,20.0,5.0,5.0,10.0,10.0,100.0,50,December,2022,Q4
2022-12-17,south_west,small,1,1,0,20.0,5.0,5.0,10.0,10.0,100.0,50,December,2022,Q4
2022-12-18,east_midlands,small,1,1,0,20.0,5.0,5.0,10.0,10.0,100.0,50,December,2022,Q4
2022-12-18,greater_london,small,1,1,0,20.0,5.0,5.0,10.0,10.0,100.0,50,December,2022,Q4
2022-12-19,greater_london,small,2,1,0,40.0,5.0,5.0,10.0,30.0,300.0,51,December,2022,Q4
2022-12-19,south_east,large,1,0,1,100.0,20.0,30.0,50.0,50.0,100.0,51,December,2022,Q4
2022-12-20,greater_london,large,1,0,1,100.0,20.0,30.0,50.0,50.0,100.0,51,December,2022,Q4
2022-12-20,south_east,large,1,0,1,100.0,20.0,30.0,50.0,50.0,100.0,51,December,2022,Q4
2022-12-20,south_west,small,1,1,0,20.0,5.0,5.0,10.0,10.0,100.0,51,December,2022,Q4
2022-12-20,west_midlands,large,1,0,1,100.0,20.0,30.0,50.0,50.0,100.0,51,December,2022,Q4
2022-12-21,east_midlands,small,1,1,0,20.0,5.0,5.0,10.0,10.0,100.0,51,December,2022,Q4
2022-12-21,greater_london,small,2,1,0,40.0,5.0,5.0,10.0,30.0,300.0,51,December,2022,Q4
2022-12-22,north_east,small,1,1,0,20.0,5.0,5.0,10.0,10.0,100.0,51,December,2022,Q4
2022-12-22,south_west,small,1,1,0,20.0,5.0,5.0,10.0,10.0,100.0,51,December,2022,Q4
2022-12-23,greater_london,small,1,1,0,20.0,5.0,5.0,10.0,10.0,100.0,51,December,2022,Q4
2022-12-23,south_east,small,1,1,0,20.0,5.0,5.0,10.0,10.0,100.0,51,December,2022,Q4
2022-12-24,greater_london,small,1,1,0,20.0,5.0,5.0,10.0,10.0,100.0,51,December,2022,Q4
2022-12-25,north_east,small,1,1,0,20.0,5.0,5.0,10.0,10.0,100.0,51,December,2022,Q4
2022-12-25,south_east,small,1,1,0,20.0,5.0,5.0,10.0,10.0,100.0,51,December,2022,Q4
2022-12-25,south_wales,large,1,0,1,100.0,20.0,30.0,50.0,50.0,100.0,51,December,2022,Q4
2022-12-25,south_west,small,1,1,0,20.0,5.0,5.0,10.0,10.0,100.0,51,December,2022,Q4
2022-12-26,south_east,large,1,0,1,100.0,20.0,30.0,50.0,50.0,100.0,52,December,2022,Q4
2022-12-26,west_midlands,small,1,1,0,20.0,5.0,5.0,10.0,10.0,100.0,52,December,2022,Q4
2022-12-27,south_east,large,1,0,1,100.0,20.0,30.0,50.0,50.0,100.0,52,December,2022,Q4
2022-12-27,west_midlands,small,1,1,0,20.0,5.0,5.0,10.0,10.0,100.0,52,December,2022,Q4
2022-12-28,greater_london,large,1,0,1,100.0,20.0,30.0,50.0,50.0,100.0,52,December,2022,Q4
2022-12-28,south_east,large,1,0,1,100.0,20.0,30.0,50.0,50.0,100.0,52,December,2022,Q4
2022-12-28,south_west,large,1,0,1,100.0,20.0,30.0,50.0,50.0,100.0,52,December,2022,Q4
2022-12-29,greater_london,small,2,1,0,40.0,5.0,5.0,10.0,30.0,300.0,52,December,2022,Q4
2022-12-29,south_east,small,1,1,0,20.0,5.0,5.0,10.0,10.0,100.0,52,December,2022,Q4
2022-12-30,south_east,small,1,1,0,20.0,5.0,5.0,10.0,10.0,100.0,52,December,2022,Q4
2022-12-31,east_midlands,small,1,1,0,20.0,5.0,5.0,10.0,10.0,100.0,52,December,2022,Q4
2023-01-01,east_midlands,large,1,0,1,100.0,20.0,30.0,50.0,50.0,100.0,52,January,2023,Q1
2023-01-01,greater_london,small,1,1,0,20.0,5.0,5.0,10.0,10.0,100.0,52,January,2023,Q1
2023-01-02,south_east,small,1,1,0,20.0,5.0,5.0,10.0,10.0,100.0,1,January,2023,Q1
2023-01-02,west_midlands,small,1,1,0,20.0,5.0,5.0,10.0,10.0,100.0,1,January,2023,Q1
2023-01-03,greater_london,small,1,1,0,20.0,5.0,5.0,10.0,10.0,100.0,1,January,2023,Q1
2023-01-04,greater_london,large,1,0,1,100.0,20.0,30.0,50.0,50.0,100.0,1,January,2023,Q1
2023-01-04,greater_london,small,1,1,0,20.0,5.0,5.0,10.0,10.0,100.0,1,January,2023,Q1
2023-01-04,south_east,small,1,1,0,20.0,5.0,5.0,10.0,10.0,100.0,1,January,2023,Q1
2023-01-04,south_west,small,1,1,0,20.0,5.0,5.0,10.0,10.0,100.0,1,January,2023,Q1
2023-01-05,greater_london,large,1,0,1,100.0,20.0,30.0,50.0,50.0,100.0,1,January,2023,Q1
2023-01-05,south_east,small,1,1,0,20.0,5.0,5.0,10.0,10.0,100.0,1,January,2023,Q1
2023-01-06,greater_london,small,1,1,0,20.0,5.0,5.0,10.0,10.0,100.0,1,January,2023,Q1
2023-01-07,south_east,small,1,1,0,20.0,5.0,5.0,10.0,10.0,100.0,1,January,2023,Q1
2023-01-07,south_wales,small,1,1,0,20.0,5.0,5.0,10.0,10.0,100.0,1,January,2023,Q1
2023-01-08,east_midlands,small,1,1,0,20.0,5.0,5.0,10.0,10.0,100.0,1,January,2023,Q1
2023-01-08,south_east,small,1,1,0,20.0,5.0,5.0,10.0,10.0,100.0,1,January,2023,Q1
2023-01-08,south_west,small,1,1,0,20.0,5.0,5.0,10.0,10.0,100.0,1,January,2023,Q1
2023-01-09,south_east,small,1,1,0,20.0,5.0,5.0,10.0,10.0,100.0,2,January,2023,Q1
2023-01-10,east_midlands,small,1,1,0,20.0,5.0,5.0,10.0,10.0,100.0,2,January,2023,Q1
2023-01-10,greater_london,small,1,1,0,20.0,5.0,5.0,10.0,10.0,100.0,2,January,2023,Q1
2023-01-10,north_east,small,1,1,0,20.0,5.0,5.0,10.0,10.0,100.0,2,January,2023,Q1
2023-01-11,east_midlands,small,1,1,0,20.0,5.0,5.0,10.0,10.0,100.0,2,January,2023,Q1
2023-01-11,west_midlands,small,1,1,0,20.0,5.0,5.0,10.0,10.0,100.0,2,January,2023,Q1
2023-01-12,west_midlands,small,1,1,0,20.0,5.0,5.0,10.0,10.0,100.0,2,January,2023,Q1
2023-01-13,greater_london,small,3,1,0,60.0,5.0,5.0,10.0,50.0,500.0,2,January,2023,Q1
2023-01-14,east_midlands,small,2,2,0,40.0,10.0,10.0,20.0,20.0,100.0,2,January,2023,Q1
2023-01-14,south_west,small,1,1,0,20.0,5.0,5.0,10.0,10.0,100.0,2,January,2023,Q1
2023-01-15,greater_london,small,1,1,0,20.0,5.0,5.0,10.0,10.0,100.0,2,January,2023,Q1
2023-01-15,south_east,small,1,1,0,20.0,5.0,5.0,10.0,10.0,100.0,2,January,2023,Q1
2023-01-16,north_east,small,1,1,0,20.0,5.0,5.0,10.0,10.0,100.0,3,January,2023,Q1
2023-01-16,south_wales,small,1,1,0,20.0,5.0,5.0,10.0,10.0,100.0,3,January,2023,Q1
2023-01-17,south_east,small,2,2,0,40.0,10.0,10.0,20.0,20.0,100.0,3,January,2023,Q1
2023-01-18,greater_london,small,1,1,0,20.0,5.0,5.0,10.0,10.0,100.0,3,January,2023,Q1
2023-01-18,south_east,large,1,0,1,100.0,20.0,30.0,50.0,50.0,100.0,3,January,2023,Q1
2023-01-19,greater_london,small,1,1,0,20.0,5.0,5.0,10.0,10.0,100.0,3,January,2023,Q1
2023-01-19,south_east,small,1,1,0,20.0,5.0,5.0,10.0,10.0,100.0,3,January,2023,Q1
2023-01-20,east_midlands,small,1,1,0,20.0,5.0,5.0,10.0,10.0,100.0,3,January,2023,Q1
2023-01-20,south_wales,small,1,1,0,20.0,5.0,5.0,10.0,10.0,100.0,3,January,2023,Q1
2023-01-20,south_west,large,1,0,1,100.0,20.0,30.0,50.0,50.0,100.0,3,January,2023,Q1
2023-01-20,west_midlands,small,1,1,0,20.0,5.0,5.0,10.0,10.0,100.0,3,January,2023,Q1
2023-01-21,north_wales,large,1,0,1,100.0,20.0,30.0,50.0,50.0,100.0,3,January,2023,Q1
2023-01-22,greater_london,small,1,1,0,20.0,5.0,5.0,10.0,10.0,100.0,3,January,2023,Q1
2023-01-22,south_east,large,1,0,1,100.0,20.0,30.0,50.0,50.0,100.0,3,January,2023,Q1
2023-01-23,greater_london,small,1,1,0,20.0,5.0,5.0,10.0,10.0,100.0,4,January,2023,Q1
2023-01-24,greater_london,large,1,0,1,100.0,20.0,30.0,50.0,50.0,100.0,4,January,2023,Q1
2023-01-24,greater_london,small,1,1,0,20.0,5.0,5.0,10.0,10.0,100.0,4,January,2023,Q1
2023-01-25,greater_london,small,2,1,0,40.0,5.0,5.0,10.0,30.0,300.0,4,January,2023,Q1
2023-01-26,south_west,large,1,0,1,100.0,20.0,30.0,50.0,50.0,100.0,4,January,2023,Q1
2023-01-27,greater_london,large,1,0,1,100.0,20.0,30.0,50.0,50.0,100.0,4,January,2023,Q1
2023-01-27,south_west,small,1,1,0,20.0,5.0,5.0,10.0,10.0,100.0,4,January,2023,Q1
2023-01-28,south_west,small,1,1,0,20.0,5.0,5.0,10.0,10.0,100.0,4,January,2023,Q1
2023-01-29,greater_london,small,1,1,0,20.0,5.0,5.0,10.0,10.0,100.0,4,January,2023,Q1
2023-01-30,east_midlands,small,1,1,0,20.0,5.0,5.0,10.0,10.0,100.0,5,January,2023,Q1
2023-01-30,west_midlands,small,1,1,0,20.0,5.0,5.0,10.0,10.0,100.0,5,January,2023,Q1
2023-01-31,east_midlands,small,1,1,0,20.0,5.0,5.0,10.0,10.0,100.0,5,January,2023,Q1
2023-01-31,greater_london,small,1,1,0,20.0,5.0,5.0,10.0,10.0,100.0,5,January,2023,Q1
2023-01-31,south_east,small,1,1,0,20.0,5.0,5.0,10.0,10.0,100.0,5,January,2023,Q1
2023-02-01,greater_london,large,2,0,2,200.0,40.0,60.0,100.0,100.0,100.0,5,February,2023,Q1
2023-02-01,north_wales,small,1,1,0,20.0,5.0,5.0,10.0,10.0,100.0,5,February,2023,Q1
2023-02-01,south_wales,small,1,1,0,20.0,5.0,5.0,10.0,10.0,100.0,5,February,2023,Q1
2023-02-02,south_east,small,1,1,0,20.0,5.0,5.0,10.0,10.0,100.0,5,February,2023,Q1
2023-02-03,south_east,small,1,1,0,20.0,5.0,5.0,10.0,10.0,100.0,5,February,2023,Q1
2023-02-03,west_midlands,large,1,0,1,100.0,20.0,30.0,50.0,50.0,100.0,5,February,2023,Q1
2023-02-04,south_west,small,2,2,0,40.0,10.0,10.0,20.0,20.0,100.0,5,February,2023,Q1
2023-02-05,north_wales,small,1,1,0,20.0,5.0,5.0,10.0,10.0,100.0,5,February,2023,Q1
2023-02-05,south_west,large,1,0,1,100.0,20.0,30.0,50.0,50.0,100.0,5,February,2023,Q1
2023-02-05,south_west,small,1,1,0,20.0,5.0,5.0,10.0,10.0,100.0,5,February,2023,Q1
2023-02-06,south_west,small,1,1,0,20.0,5.0,5.0,10.0,10.0,100.0,6,February,2023,Q1
2023-02-07,north_east,small,1,1,0,20.0,5.0,5.0,10.0,10.0,100.0,6,February,2023,Q1
2023-02-07,south_wales,small,1,1,0,20.0,5.0,5.0,10.0,10.0,100.0,6,February,2023,Q1
2023-02-08,greater_london,large,1,0,1,100.0,20.0,30.0,50.0,50.0,100.0,6,February,2023,Q1
2023-02-08,south_east,large,1,0,1,100.0,20.0,30.0,50.0,50.0,100.0,6,February,2023,Q1
2023-02-09,greater_london,small,1,1,0,20.0,5.0,5.0,10.0,10.0,100.0,6,February,2023,Q1
2023-02-09,south_west,small,1,1,0,20.0,5.0,5.0,10.0,10.0,100.0,6,February,2023,Q1
2023-02-10,greater_london,large,1,0,1,100.0,20.0,30.0,50.0,50.0,100.0,6,February,2023,Q1
2023-02-11,east_midlands,small,2,2,0,40.0,10.0,10.0,20.0,20.0,100.0,6,February,2023,Q1
2023-02-12,north_east,small,1,1,0,20.0,5.0,5.0,10.0,10.0,100.0,6,February,2023,Q1
2023-02-12,south_west,large,1,0,1,100.0,20.0,30.0,50.0,50.0,100.0,6,February,2023,Q1
2023-02-13,south_east,small,2,2,0,40.0,10.0,10.0,20.0,20.0,100.0,7,February,2023,Q1
2023-02-14,greater_london,large,1,0,1,100.0,20.0,30.0,50.0,50.0,100.0,7,February,2023,Q1
2023-02-14,greater_london,small,1,1,0,20.0,5.0,5.0,10.0,10.0,100.0,7,February,2023,Q1
2023-02-14,north_east,large,1,0,1,100.0,20.0,30.0,50.0,50.0,100.0,7,February,2023,Q1
2023-02-15,greater_london,small,2,1,0,40.0,5.0,5.0,10.0,30.0,300.0,7,February,2023,Q1
2023-02-15,south_wales,small,1,1,0,20.0,5.0,5.0,10.0,10.0,100.0,7,February,2023,Q1
2023-02-15,west_midlands,small,1,1,0,20.0,5.0,5.0,10.0,10.0,100.0,7,February,2023,Q1
2023-02-16,north_east,small,1,1,0,20.0,5.0,5.0,10.0,10.0,100.0,7,February,2023,Q1
2023-02-17,greater_london,large,1,0,1,100.0,20.0,30.0,50.0,50.0,100.0,7,February,2023,Q1
2023-02-17,south_west,small,1,1,0,20.0,5.0,5.0,10.0,10.0,100.0,7,February,2023,Q1
2023-02-18,south_east,small,1,1,0,20.0,5.0,5.0,10.0,10.0,100.0,7,February,2023,Q1
2023-02-19,east_midlands,large,1,0,1,100.0,20.0,30.0,50.0,50.0,100.0,7,February,2023,Q1
2023-02-19,south_west,small,1,1,0,20.0,5.0,5.0,10.0,10.0,100.0,7,February,2023,Q1
2023-02-20,east_midlands,small,1,1,0,20.0,5.0,5.0,10.0,10.0,100.0,8,February,2023,Q1
2023-02-20,greater_london,small,1,1,0,20.0,5.0,5.0,10.0,10.0,100.0,8,February,2023,Q1
2023-02-20,south_west,small,1,1,0,20.0,5.0,5.0,10.0,10.0,100.0,8,February,2023,Q1
2023-02-21,greater_london,large,1,0,1,100.0,20.0,30.0,50.0,50.0,100.0,8,February,2023,Q1
2023-02-22,west_midlands,small,1,1,0,20.0,5.0,5.0,10.0,10.0,100.0,8,February,2023,Q1
2023-02-23,greater_london,small,2,1,0,40.0,5.0,5.0,10.0,30.0,300.0,8,February,2023,Q1
2023-02-23,south_east,small,1,1,0,20.0,5.0,5.0,10.0,10.0,100.0,8,February,2023,Q1
2023-02-24,greater_london,small,1,1,0,20.0,5.0,5.0,10.0,10.0,100.0,8,February,2023,Q1
2023-02-25,greater_london,large,1,0,1,100.0,20.0,30.0,50.0,50.0,100.0,8,February,2023,Q1
2023-02-25,north_wales,small,1,1,0,20.0,5.0,5.0,10.0,10.0,100.0,8,February,2023,Q1
2023-02-26,south_west,large,1,0,1,100.0,20.0,30.0,50.0,50.0,100.0,8,February,2023,Q1
2023-02-27,south_east,small,1,1,0,20.0,5.0,5.0,10.0,10.0,100.0,9,February,2023,Q1
2023-02-28,greater_london,small,2,1,0,40.0,5.0,5.0,10.0,30.0,300.0,9,February,2023,Q1
2023-02-28,north_east,small,1,1,0,20.0,5.0,5.0,10.0,10.0,100.0,9,February,2023,Q1
2023-02-28,south_west,large,1,0,1,100.0,20.0,30.0,50.0,50.0,100.0,9,February,2023,Q1
2023-03-01,greater_london,small,1,1,0,20.0,5.0,5.0,10.0,10.0,100.0,9,March,2023,Q1
2023-03-01,north_wales,small,1,1,0,20.0,5.0,5.0,10.0,10.0,100.0,9,March,2023,Q1
2023-03-02,greater_london,small,2,1,0,40.0,5.0,5.0,10.0,30.0,300.0,9,March,2023,Q1
2023-03-02,south_east,small,2,2,0,40.0,10.0,10.0,20.0,20.0,100.0,9,March,2023,Q1
2023-03-02,south_wales,small,1,1,0,20.0,5.0,5.0,10.0,10.0,100.0,9,March,2023,Q1
2023-03-02,south_west,small,1,1,0,20.0,5.0,5.0,10.0,10.0,100.0,9,March,2023,Q1
2023-03-03,greater_london,small,2,1,0,40.0,5.0,5.0,10.0,30.0,300.0,9,March,2023,Q1
2023-03-03,south_west,large,2,0,2,200.0,40.0,60.0,100.0,100.0,100.0,9,March,2023,Q1
2023-03-03,south_west,small,1,1,0,20.0,5.0,5.0,10.0,10.0,100.0,9,March,2023,Q1
2023-03-04,greater_london,large,1,0,1,100.0,20.0,30.0,50.0,50.0,100.0,9,March,2023,Q1
2023-03-04,north_east,small,1,1,0,20.0,5.0,5.0,10.0,10.0,100.0,9,March,2023,Q1
2023-03-04,south_east,small,1,1,0,20.0,5.0,5.0,10.0,10.0,100.0,9,March,2023,Q1
2023-03-04,south_west,large,1,0,1,100.0,20.0,30.0,50.0,50.0,100.0,9,March,2023,Q1
2023-03-05,greater_london,small,2,1,0,40.0,5.0,5.0,10.0,30.0,300.0,9,March,2023,Q1
2023-03-05,south_east,small,1,1,0,20.0,5.0,5.0,10.0,10.0,100.0,9,March,2023,Q1
2023-03-06,east_midlands,large,1,0,1,100.0,20.0,30.0,50.0,50.0,100.0,10,March,2023,Q1
2023-03-06,east_midlands,small,1,1,0,20.0,5.0,5.0,10.0,10.0,100.0,10,March,2023,Q1
2023-03-06,south_wales,small,1,1,0,20.0,5.0,5.0,10.0,10.0,100.0,10,March,2023,Q1
2023-03-07,east_midlands,large,1,0,1,100.0,20.0,30.0,50.0,50.0,100.0,10,March,2023,Q1
2023-03-07,greater_london,small,1,1,0,20.0,5.0,5.0,10.0,10.0,100.0,10,March,2023,Q1
2023-03-07,south_east,large,1,0,1,100.0,20.0,30.0,50.0,50.0,100.0,10,March,2023,Q1
2023-03-08,east_midlands,small,1,1,0,20.0,5.0,5.0,10.0,10.0,100.0,10,March,2023,Q1
2023-03-08,greater_london,large,1,0,1,100.0,20.0,30.0,50.0,50.0,100.0,10,March,2023,Q1
2023-03-08,south_east,small,1,1,0,20.0,5.0,5.0,10.0,10.0,100.0,10,March,2023,Q1
2023-03-08,south_west,large,1,0,1,100.0,20.0,30.0,50.0,50.0,100.0,10,March,2023,Q1
2023-03-09,greater_london,large,1,0,1,100.0,20.0,30.0,50.0,50.0,100.0,10,March,2023,Q1
2023-03-09,greater_london,small,1,1,0,20.0,5.0,5.0,10.0,10.0,100.0,10,March,2023,Q1
2023-03-09,south_east,large,1,0,1,100.0,20.0,30.0,50.0,50.0,100.0,10,March,2023,Q1
2023-03-09,south_east,small,2,2,0,40.0,10.0,10.0,20.0,20.0,100.0,10,March,2023,Q1
2023-03-10,greater_london,small,1,1,0,20.0,5.0,5.0,10.0,10.0,100.0,10,March,2023,Q1
2023-03-10,south_east,small,1,1,0,20.0,5.0,5.0,10.0,10.0,100.0,10,March,2023,Q1
2023-03-10,south_wales,small,1,1,0,20.0,5.0,5.0,10.0,10.0,100.0,10,March,2023,Q1
2023-03-10,south_west,small,2,2,0,40.0,10.0,10.0,20.0,20.0,100.0,10,March,2023,Q1
2023-03-11,east_midlands,large,1,0,1,100.0,20.0,30.0,50.0,50.0,100.0,10,March,2023,Q1
2023-03-11,east_midlands,small,1,1,0,20.0,5.0,5.0,10.0,10.0,100.0,10,March,2023,Q1
2023-03-11,greater_london,large,1,0,1,100.0,20.0,30.0,50.0,50.0,100.0,10,March,2023,Q1
2023-03-11,south_east,small,1,1,0,20.0,5.0,5.0,10.0,10.0,100.0,10,March,2023,Q1
2023-03-11,south_west,large,1,0,1,100.0,20.0,30.0,50.0,50.0,100.0,10,March,2023,Q1
2023-03-12,east_midlands,small,1,1,0,20.0,5.0,5.0,10.0,10.0,100.0,10,March,2023,Q1
2023-03-12,greater_london,small,2,1,0,40.0,5.0,5.0,10.0,30.0,300.0,10,March,2023,Q1
2023-03-12,south_east,large,1,0,1,100.0,20.0,30.0,50.0,50.0,100.0,10,March,2023,Q1
2023-03-12,south_wales,small,1,1,0,20.0,5.0,5.0,10.0,10.0,100.0,10,March,2023,Q1
2023-03-12,south_west,small,1,1,0,20.0,5.0,5.0,10.0,10.0,100.0,10,March,2023,Q1
2023-03-13,north_east,large,1,0,1,100.0,20.0,30.0,50.0,50.0,100.0,11,March,2023,Q1
2023-03-13,south_east,small,1,1,0,20.0,5.0,5.0,10.0,10.0,100.0,11,March,2023,Q1
2023-03-13,south_west,small,1,1,0,20.0,5.0,5.0,10.0,10.0,100.0,11,March,2023,Q1
2023-03-14,east_midlands,small,1,1,0,20.0,5.0,5.0,10.0,10.0,100.0,11,March,2023,Q1
2023-03-14,greater_london,large,1,0,1,100.0,20.0,30.0,50.0,50.0,100.0,11,March,2023,Q1
2023-03-14,south_wales,small,1,1,0,20.0,5.0,5.0,10.0,10.0,100.0,11,March,2023,Q1
2023-03-15,east_midlands,large,1,0,1,100.0,20.0,30.0,50.0,50.0,100.0,11,March,2023,Q1
2023-03-15,greater_london,small,1,1,0,20.0,5.0,5.0,10.0,10.0,100.0,11,March,2023,Q1
2023-03-15,south_east,small,1,1,0,20.0,5.0,5.0,10.0,10.0,100.0,11,March,2023,Q1
2023-03-16,east_midlands,small,1,1,0,20.0,5.0,5.0,10.0,10.0,100.0,11,March,2023,Q1
2023-03-16,greater_london,small,2,1,0,40.0,5.0,5.0,10.0,30.0,300.0,11,March,2023,Q1
2023-03-16,south_east,small,1,1,0,20.0,5.0,5.0,10.0,10.0,100.0,11,March,2023,Q1
2023-03-16,south_wales,small,1,1,0,20.0,5.0,5.0,10.0,10.0,100.0,11,March,2023,Q1
2023-03-16,west_midlands,small,1,1,0,20.0,5.0,5.0,10.0,10.0,100.0,11,March,2023,Q1
2023-03-17,greater_london,small,3,1,0,60.0,5.0,5.0,10.0,50.0,500.0,11,March,2023,Q1
2023-03-17,south_east,small,1,1,0,20.0,5.0,5.0,10.0,10.0,100.0,11,March,2023,Q1
2023-03-17,south_west,small,1,1,0,20.0,5.0,5.0,10.0,10.0,100.0,11,March,2023,Q1
2023-03-18,greater_london,small,1,1,0,20.0,5.0,5.0,10.0,10.0,100.0,11,March,2023,Q1
2023-03-18,north_east,small,1,1,0,20.0,5.0,5.0,10.0,10.0,100.0,11,March,2023,Q1
2023-03-18,south_east,small,1,1,0,20.0,5.0,5.0,10.0,10.0,100.0,11,March,2023,Q1
2023-03-18,south_wales,small,1,1,0,20.0,5.0,5.0,10.0,10.0,100.0,11,March,2023,Q1
2023-03-18,south_west,small,1,1,0,20.0,5.0,5.0,10.0,10.0,100.0,11,March,2023,Q1
2023-03-19,east_midlands,large,1,0,1,100.0,20.0,30.0,50.0,50.0,100.0,11,March,2023,Q1
2023-03-19,greater_london,large,1,0,1,100.0,20.0,30.0,50.0,50.0,100.0,11,March,2023,Q1
2023-03-19,greater_london,small,2,1,0,40.0,5.0,5.0,10.0,30.0,300.0,11,March,2023,Q1
2023-03-20,greater_london,large,1,0,1,100.0,20.0,30.0,50.0,50.0,100.0,12,March,2023,Q1
2023-03-20,south_west,small,2,2,0,40.0,10.0,10.0,20.0,20.0,100.0,12,March,2023,Q1
2023-03-21,south_east,small,2,2,0,40.0,10.0,10.0,20.0,20.0,100.0,12,March,2023,Q1
2023-03-21,west_midlands,small,1,1,0,20.0,5.0,5.0,10.0,10.0,100.0,12,March,2023,Q1
2023-03-22,east_midlands,small,1,1,0,20.0,5.0,5.0,10.0,10.0,100.0,12,March,2023,Q1
2023-03-22,north_wales,large,1,0,1,100.0,20.0,30.0,50.0,50.0,100.0,12,March,2023,Q1
2023-03-22,south_east,small,1,1,0,20.0,5.0,5.0,10.0,10.0,100.0,12,March,2023,Q1
2023-03-23,east_midlands,small,1,1,0,20.0,5.0,5.0,10.0,10.0,100.0,12,March,2023,Q1
2023-03-23,south_east,small,1,1,0,20.0,5.0,5.0,10.0,10.0,100.0,12,March,2023,Q1
2023-03-23,south_west,large,1,0,1,100.0,20.0,30.0,50.0,50.0,100.0,12,March,2023,Q1
2023-03-24,east_midlands,small,1,1,0,20.0,5.0,5.0,10.0,10.0,100.0,12,March,2023,Q1
2023-03-24,greater_london,small,2,1,0,40.0,5.0,5.0,10.0,30.0,300.0,12,March,2023,Q1
2023-03-24,north_east,small,1,1,0,20.0,5.0,5.0,10.0,10.0,100.0,12,March,2023,Q1
2023-03-25,south_east,small,1,1,0,20.0,5.0,5.0,10.0,10.0,100.0,12,March,2023,Q1
2023-03-25,south_wales,large,1,0,1,100.0,20.0,30.0,50.0,50.0,100.0,12,March,2023,Q1
2023-03-25,south_west,large,1,0,1,100.0,20.0,30.0,50.0,50.0,100.0,12,March,2023,Q1
2023-03-26,east_midlands,small,2,2,0,40.0,10.0,10.0,20.0,20.0,100.0,12,March,2023,Q1
2023-03-26,south_east,small,1,1,0,20.0,5.0,5.0,10.0,10.0,100.0,12,March,2023,Q1
2023-03-26,south_west,small,1,1,0,20.0,5.0,5.0,10.0,10.0,100.0,12,March,2023,Q1
2023-03-27,greater_london,small,1,1,0,20.0,5.0,5.0,10.0,10.0,100.0,13,March,2023,Q1
2023-03-27,south_west,large,1,0,1,100.0,20.0,30.0,50.0,50.0,100.0,13,March,2023,Q1
2023-03-28,east_midlands,small,1,1,0,20.0,5.0,5.0,10.0,10.0,100.0,13,March,2023,Q1
2023-03-28,greater_london,small,1,1,0,20.0,5.0,5.0,10.0,10.0,100.0,13,March,2023,Q1
2023-03-28,south_wales,small,1,1,0,20.0,5.0,5.0,10.0,10.0,100.0,13,March,2023,Q1
2023-03-28,south_west,small,1,1,0,20.0,5.0,5.0,10.0,10.0,100.0,13,March,2023,Q1
2023-03-29,east_midlands,small,1,1,0,20.0,5.0,5.0,10.0,10.0,100.0,13,March,2023,Q1
2023-03-29,south_east,small,1,1,0,20.0,5.0,5.0,10.0,10.0,100.0,13,March,2023,Q1
2023-03-30,greater_london,small,2,1,0,40.0,5.0,5.0,10.0,30.0,300.0,13,March,2023,Q1
2023-03-30,south_east,large,1,0,1,100.0,20.0,30.0,50.0,50.0,100.0,13,March,2023,Q1
2023-03-31,south_west,small,1,1,0,20.0,5.0,5.0,10.0,10.0,100.0,13,March,2023,Q1
2023-03-31,west_midlands,small,1,1,0,20.0,5.0,5.0,10.0,10.0,100.0,13,March,2023,Q1
